﻿申请号,住院流水号,住院号,类别,姓名,性别,床号,申请科室,手术类别,部位,部位名称,诊断,手术前缀,手术名称,手术编码3.0,手术后缀,手术者,麻醉方式,台序,拟手术日期,手术室,手术级别,切口类型,预估手术时长
2249640,ZY010001001447,0001001447,住院,郭*礼,男,加13,普外疝儿外科,择期,右,腹部|,单侧腹股沟疝(K40.900x002),,单侧腹股沟疝无张力修补术,53.0501,,李东升,会诊麻醉,A1,2021-12-3 7:45,第一手术部,三级,1,1.5-小时
2249639,ZY010001000771,0001000771,住院,李*香,女,加16,普外疝儿外科,择期,左,腹部|,单侧腹股沟疝(K40.900x002),,腹腔镜下经腹膜前腹股沟疝补片修补术（TAPP）,17.1300x001,,李东升,会诊麻醉,A2,2021-12-3 7:55,第一手术部,三级,1,1-小时
2249377,ZY010001001863,0001001863,住院,田*,女,09,普外甲乳外科,择期,右,胸部|,乳房肿块(N63.x00),右,乳腺局部扩大切除术,85.2300x001,备右乳保乳切除+前哨淋巴结活检,何春兰,全麻,A1,2021-12-3 8:00,第一手术部,三级,1,3-小时
2249361,ZY010001001396,0001001396,住院,李*,女,1030,普外甲乳外科,择期,无,颈部|,甲状腺结节(E04.101),右,单侧甲状腺切除伴甲状腺峡部切除术,06.2x02,,符德元,全麻,A3,2021-12-3 8:00,第一手术部,四级,1,1.5-小时
2249956,ZY010001000906,0001000906,住院,朱*定,女,65,耳鼻咽喉头颈外科,择期,右,耳部|,中耳炎(H66.900),右,人工听小骨取出术,19.3x00x003,,关兵,全麻,A1,2021-12-3 8:00,第一手术部,三级,2,3-小时
2249956,ZY010001000906,0001000906,住院,朱*定,女,65,耳鼻咽喉头颈外科,择期,右,耳部|,中耳炎(H66.900),右,鼓室成形术，III型,19.5300,,关兵,全麻,A1,2021-12-3 8:00,第一手术部,三级,2,3-小时
2249956,ZY010001000906,0001000906,住院,朱*定,女,65,耳鼻咽喉头颈外科,择期,右,耳部|,中耳炎(H66.900),右,完壁式乳突改良根治术,20.4900x009,,关兵,全麻,A1,2021-12-3 8:00,第一手术部,三级,2,3-小时
2249336,ZY010001000960,0001000960,住院,李*兵,男,835,泌尿外科,择期,无,|,膀胱肿瘤(D41.401),,膀胱镜检查,57.3200x001,（膀胱软镜）,王业华,会诊麻醉,A2,2021-12-3 8:00,第一手术部,一级,0,1-小时
2249360,ZY010001002131,0001002131,住院,刘*梅,女,63,骨科脊柱,择期,无,|,支气管哮喘(J45.900x001),,经皮椎体增强,81.6600,,王永祥,会诊麻醉,A2,2021-12-3 8:00,第一手术部,四级,1,1-小时
2249195,ZY010000999999,0000999999,住院,李*华,女,32,眼科,择期,左,眼部|,黄斑裂孔性视网膜脱离(H33.000x007),左眼,后入路玻璃体切割术,14.7401,,赵明,局麻+心电监护,D7,2021-12-3 8:00,日间手术室,四级,1,1.5-小时
2246195,ZY010001000072,0001000072,住院,刘*芳,男,457,泌尿外科,择期,右,|,肾积水伴输尿管结石(N13.202),,经尿道输尿管镜输尿管激光碎石术,56.0x00x005,备软镜,俞俊杰,全麻,A2,2021-12-3 8:00,第一手术部,三级,0,1-小时
2248961,ZY010000998445,0000998445,住院,蒋*华,女,41,胸外科,择期,右,胸部|,孤立性肺结节(R91.x00x011),右上肺,胸腔镜下肺叶切除术,32.4100,,束余声,全麻,C1,2021-12-3 8:00,第一手术部,四级,2,3-小时
2249175,ZY010001000884,0001000884,住院,戴*梅,男,68,骨科脊柱,择期,无,|,腰椎骨折(S32.000),,经皮椎体增强,81.6600,,冯新民,全麻,A1,2021-12-3 8:00,第一手术部,四级,1,1-小时
2249578,ZY010001002226,0001002226,住院,陈*英,女,06,普外甲乳外科,择期,左,胸部|,乳腺肿瘤(D48.601),左,乳腺局部扩大切除术,85.2300x001,,章佳新,全麻,A1,2021-12-3 8:00,第一手术部,三级,1,2.5-小时
2249579,ZY010001001429,0001001429,住院,王*兰,女,40,骨科关节,择期,右,上臂|,肱骨外科颈骨折(S42.202),右侧,肱骨骨折切开复位内固定术,79.3101,,颜连启,会诊麻醉,A7,2021-12-3 8:00,第一手术部,四级,1,1.5-小时
2249755,ZY010001001210,0001001210,住院,孙*红,女,1030,肝脾外科,择期,右,|,胆囊结石(K80.200x003),,腹腔镜下胆囊切除术,51.2300,,蒋国庆,全麻,B4,2021-12-3 8:00,第一手术部,三级,2,1-小时
2248964,ZY010000997729,0000997729,住院,史*金,女,20,胃肠中心109,择期,无,腹部|,回肠造口状态(Z93.200),,回肠造口还纳术,46.5100x002,,赵伟,全麻,A1,2021-12-3 8:00,第一手术部,二级,2,2-小时
2249380,ZY010001001429,0001001429,住院,王*兰,女,40,骨科关节,择期,双,腰部|,肱骨外科颈骨折(S42.202),,经皮椎体增强,81.6600,,杨建东,会诊麻醉,A3,2021-12-3 8:00,第一手术部,四级,1,3-小时
2248960,ZY010000996218,0000996218,住院,姚*桥,男,21,胸外科,择期,右,胸部|,肺占位性病变(R91.x03),右上,肺叶切除术,32.4902,,陆世春,全麻,B1,2021-12-3 8:00,第一手术部,四级,2,2.5-小时
2249356,ZY010000998107,0000998107,住院,宋*芹,女,36,肝脾外科,择期,右,腹部|,消化道出血(K92.210),,腹腔镜全脾切除术,41.5x01,,蒋国庆,全麻,A1,2021-12-3 8:00,第一手术部,三级,2,3-小时
2249356,ZY010000998107,0000998107,住院,宋*芹,女,36,肝脾外科,择期,右,腹部|,消化道出血(K92.210),,贲门周围血管离断术,44.9100x001,,蒋国庆,全麻,A1,2021-12-3 8:00,第一手术部,三级,2,3-小时
2249356,ZY010000998107,0000998107,住院,宋*芹,女,36,肝脾外科,择期,右,腹部|,消化道出血(K92.210),,机器人援助操作,17.4100,,蒋国庆,全麻,A1,2021-12-3 8:00,第一手术部,三级,2,3-小时
2249958,ZY010001001028,0001001028,住院,赵*元,男,19,耳鼻咽喉头颈外科,择期,双,鼻部|,鼻息肉(J33.900),双侧,内镜下鼻内病损切除术,21.3104,,关兵,全麻,A3,2021-12-3 8:00,第一手术部,三级,2,2-小时
2249958,ZY010001001028,0001001028,住院,赵*元,男,19,耳鼻咽喉头颈外科,择期,双,鼻部|,鼻息肉(J33.900),双侧,鼻内窥镜下多个鼻窦开窗术,22.5300x004,,关兵,全麻,A3,2021-12-3 8:00,第一手术部,三级,2,2-小时
2249478,ZY010001001738,0001001738,住院,沈*,女,1039,妇科,择期,无,会阴部|,异常子宫出血(N93.901),,宫腔镜诊断性刮宫术,69.0902,,顾建娟,会诊麻醉,B1,2021-12-3 8:00,第一手术部,三级,0,0.5-小时
2249662,ZY010001001520,0001001520,住院,陈*宝,男,1052,普外疝儿外科,择期,右,腹部|,腹股沟斜疝(K40.901),,腹腔镜下经腹膜前腹股沟疝补片修补术（TAPP）,17.1300x001,,李东升,会诊麻醉,A3,2021-12-3 8:00,第一手术部,三级,1,1-小时
2249215,ZY010001000880,0001000880,住院,杨*芳,女,14,骨科创伤,择期,左,上臂|,取除骨折内固定装置(Z47.001),左,肱骨内固定装置去除术,78.6201,,高红伟,会诊麻醉,A1,2021-12-3 8:00,第二手术部,二级,1,1-小时
2249337,ZY010000998676,0000998676,住院,杨*付,男,63,泌尿外科,择期,无,|,前列腺增生(N40.x00),,经尿道前列腺激光切除术[TULIP手术],60.2100x001,备前列腺电切,姚浩,会诊麻醉,A1,2021-12-3 8:00,第一手术部,四级,0,2-小时
2249416,ZY010000996768,0000996768,住院,孙*美,女,7,神经外科506,择期,无,头部|,垂体肿物(E23.701),,神经内镜下经鼻腔-蝶窦垂体病损切除术,07.6200x007,,张恒柱,全麻,A1,2021-12-3 8:00,第二手术部,四级,1,4-小时
2249379,ZY010001000046,0001000046,住院,沈*,男,12,神经外科504,择期,无,头部|,基底节出血(I61.004),,脑血管造影,88.4101,,闫可,局麻+心电监护,B7,2021-12-3 8:00,第二手术部,三级,1,1-小时
2249775,ZY010001001452,0001001452,住院,王*凤,女,15,肝脾外科,择期,右,|,脾大(R16.100x001),,腹腔镜全脾切除术,41.5x01,,蒋国庆,全麻,B1,2021-12-3 8:00,第一手术部,四级,2,2-小时
2249376,ZY010001001525,0001001525,住院,兰*,女,02,普外甲乳外科,择期,左,胸部|,乳房肿块(N63.x00),左,单侧乳房切除伴同侧腋窝淋巴结活检术,85.4300x003,,符德元,全麻,A4,2021-12-3 8:00,第一手术部,三级,1,1.5-小时
2249697,ZY010000999664,0000999664,住院,张*红,女,33,胆胰外科,择期,双,腹部|,慢性胰腺炎(K86.100x002),,胰腺切开取石术,52.0902,,钱建军,全麻,A1,2021-12-3 8:00,第一手术部,四级,2,3-小时
2249415,ZY010000998682,0000998682,住院,张*,男,29,泌尿外科,择期,无,|,前列腺增生(N40.x00),,经尿道前列腺切除术（TURP）,60.2902,,姚浩,会诊麻醉,A3,2021-12-3 8:00,第一手术部,三级,0,2-小时
2247777,ZY010001000379,0001000379,住院,顾*坚,男,844,泌尿外科,择期,双,|,肾积水伴输尿管结石(N13.202),,经尿道输尿管镜输尿管激光碎石术,56.0x00x005,备软镜,杨进,全麻,A1,2021-12-3 8:00,第一手术部,三级,0,1-小时
2249125,ZY010001000948,0001000948,住院,蔡*林,男,13,眼科,择期,左,眼部|,白内障(H26.900),左眼,白内障超声乳化抽吸术,13.4100x001,+人工晶状体植入术,赵明,局麻+心电监护,A7,2021-12-3 8:00,日间手术室,三级,1,0.5-小时
2249620,ZY010000997191,0000997191,住院,刘*君,女,23,产科,择期,无,腹部|,多囊肾(Q61.300),,其他剖宫产,74.9900,,卢丹,腰麻,A1,2021-12-3 8:00,第一手术部,三级,2,1-小时
2249436,ZY010001001124,0001001124,住院,万*国,男,40,骨科脊柱,择期,无,|,颈椎间盘突出(M50.201),,颈椎后路小关节切除术,80.9900x003,,陶玉平,会诊麻醉,A2,2021-12-3 8:00,第一手术部,四级,1,2.5-小时
2249621,ZY010000999838,0000999838,住院,谢*余,男,25,骨科关节,择期,右,髋部|,髋关节置换术后(Z98.800x607),右侧,全髋关节假体翻修术,00.7000x001,,颜连启,会诊麻醉,A6,2021-12-3 8:00,第一手术部,四级,1,2-小时
2249855,ZY010001000777,0001000777,住院,吴*兰,女,37,妇科,择期,无,腹部|,子宫内膜恶性肿瘤(C54.100),,子宫次广泛切除术,68.6900x003,,尹香花,全麻,A1,2021-12-3 8:00,第一手术部,四级,2,4-小时
2249937,ZY010001001106,0001001106,住院,周*萍,女,28,耳鼻咽喉头颈外科,择期,右,耳部|,鼓膜穿孔(H72.900),右,内镜下鼓膜修补术,19.4x00x004,,关兵,全麻,A2,2021-12-3 8:00,第一手术部,三级,2,1.5-小时
2249316,ZY010001000461,0001000461,住院,蔡*茂,男,56,普外疝儿外科,择期,右,|,单侧腹股沟疝(K40.900x002),右,单侧腹股沟疝无张力修补术,53.0501,,屠义梅,会诊麻醉,A1,2021-12-3 8:00,第一手术部,三级,1,1-小时
2249118,ZY010001001127,0001001127,住院,马*富,男,30,骨科脊柱,择期,无,|,胸椎骨折(S22.000),,经皮椎体增强,81.6600,,陶玉平,会诊麻醉,A1,2021-12-3 8:00,第一手术部,四级,1,0.5-小时
2249131,ZY010000999484,0000999484,住院,吴*林,男,30,泌尿外科,择期,无,|,前列腺恶性肿瘤(C61.x00),,超声引导下前列腺穿刺活检,60.1100x002,,柳长坤,局麻,A1,2021-12-3 8:00,第一手术部,二级,0,1-小时
2249506,ZY010001000083,0001000083,住院,张*艳,女,28,普外甲乳外科,择期,右,胸部|,乳房肿块(N63.x00),右侧,乳腺局部扩大切除术,85.2300x001,备乳腺单纯切除术+前哨淋巴结活检术,邵稳喜,全麻,A1,2021-12-3 8:00,第一手术部,三级,1,2-小时
2249503,ZY010001001017,0001001017,住院,唐*珍,女,31,眼科,择期,右,眼部|,慢性泪囊炎(H04.401),右眼,泪囊切除术,09.6x01,,王健,局麻+心电监护,C7,2021-12-3 8:00,日间手术室,一级,2,1-小时
2249511,ZY010001000003,0001000003,住院,殷*岭,男,60,泌尿外科,择期,无,|,膀胱结石(N21.000),,经尿道膀胱镜膀胱激光碎石术,57.0x00x007,,俞俊杰,会诊麻醉,D1,2021-12-3 8:00,第一手术部,三级,2,2.0-小时
2249626,ZY010001001613,0001001613,住院,翟*祥,男,29,骨科脊柱,择期,无,腰部|,腰椎间盘突出(M51.202),,腰椎椎体间融合术，后入路,81.0801,,陶玉平,会诊麻醉,A3,2021-12-3 8:00,第一手术部,四级,1,3-小时
2249322,ZY010001001423,0001001423,住院,吴*,女,1332,普外甲乳外科,择期,无,颈部|,甲状腺肿瘤(D44.001),左,单侧甲状腺切除伴甲状腺峡部切除术,06.2x02,＋甲状腺右叶部分切除,符德元,全麻,A2,2021-12-3 8:00,第一手术部,四级,1,1.5-小时
2249625,ZY010001000876,0001000876,住院,潘*清,男,56,普外血管外科,择期,左,大腿部|,下肢静脉功能不全(I87.201),左,下肢静脉曲张的结扎术和剥脱术,38.5900,,陈兆雷,会诊麻醉,A1,2021-12-3 8:00,第二手术部,三级,1,1-小时
2249625,ZY010001000876,0001000876,住院,潘*清,男,56,普外血管外科,择期,左,大腿部|,下肢静脉功能不全(I87.201),左,大隐静脉主干激光闭合术,38.5900x003,,陈兆雷,会诊麻醉,A1,2021-12-3 8:00,第二手术部,三级,1,1-小时
2249508,ZY010000998885,0000998885,住院,许*春,男,26,泌尿外科,择期,无,|,输尿管肿瘤(D41.201),,膀胱镜检查,57.3200x001,,姚浩,局麻,A4,2021-12-3 8:00,第一手术部,一级,0,1-小时
2249623,ZY010001001063,0001001063,住院,徐*林,男,98,泌尿外科,择期,无,|,膀胱结石(N21.000),,经尿道膀胱激光碎石术,57.0x06,,王业华,会诊麻醉,A5,2021-12-3 8:00,第一手术部,三级,0,1-小时
2249318,ZY010001000861,0001000861,住院,朱*兵,男,438,泌尿外科,择期,无,|,膀胱肿瘤(D41.401),,膀胱镜检查,57.3200x001,,俞俊杰,全麻,D7,2021-12-3 8:00,第一手术部,一级,0,1.0-小时
2249510,ZY010001001755,0001001755,住院,孟*霞,女,16,肝脾外科,择期,右,|,胆囊炎(K81.900),,腹腔镜下胆囊切除术,51.2300,,蒋国庆,全麻,B2,2021-12-3 8:00,第一手术部,三级,2,1-小时
2249435,ZY010001001682,0001001682,住院,董*艳,女,08,普外甲乳外科,择期,右,胸部|,乳房结节(N63.x01),右,单侧乳房切除伴同侧腋窝淋巴结活检术,85.4300x003,,符德元,全麻,A5,2021-12-3 8:00,第一手术部,三级,1,1.5-小时
2249022,ZY010001000894,0001000894,住院,庞*,男,32,胃肠中心309,择期,无,腹部|,回肠造口状态(Z93.200),,小肠造口闭合术,46.5100,,王道荣,全麻,B1,2021-12-3 8:00,第一手术部,二级,3,1-小时
2248516,ZY010000999942,0000999942,住院,刘*东,男,09,肾脏内科,择期,左,上肢|,慢性肾脏病5期(N18.001),左上肢,为肾透析的动静脉造瘘术,39.2700x001,,牟洪宾,局麻+心电监护,A7,2021-12-3 8:00,第一手术部,三级,1,2-小时
2249015,ZY010000998576,0000998576,住院,贾*章,男,43,眼科,择期,右,眼部|,眶骨骨折(S02.801),右眼,眶骨骨折切开复位内固定术,76.7903,,王健,全麻,D2,2021-12-3 8:00,日间手术室,四级,1,1-小时
2249275,ZY010000999841,0000999841,住院,朱*媛,女,523,胃肠中心109,择期,无,腹部|,腹壁肿物(R22.203),,腹腔镜检查,54.2100,备腹壁补片修补或小肠切除术,王道荣,全麻,A1,2021-12-3 8:00,第一手术部,三级,2,1.5-小时
2249019,ZY010001001189,0001001189,住院,祁*兰,女,22,心脏大血管病中心,择期,无,胸部|,腹主动脉瘤，未提及破裂(I71.400),,腹主动脉覆膜支架腔内隔绝术,39.7102,,唐程斌,全麻,A1,2021-12-3 8:00,第二手术部,四级,0,3-小时
2249396,ZY010001000235,0001000235,住院,曹*,男,731,泌尿外科,择期,无,|,前列腺增生(N40.x00),,超声引导下前列腺穿刺活检,60.1100x002,,俞俊杰,局麻,D4,2021-12-3 8:00,第一手术部,二级,2,1.0-小时
2249024,ZY010001000672,0001000672,住院,王*洪,男,66,心脏大血管病中心,择期,无,胸部|,主动脉夹层B型(I71.000x021),,胸主动脉覆膜支架腔内隔绝术,39.7303,,唐程斌,全麻,B1,2021-12-3 8:00,第二手术部,四级,0,3-小时
2249715,ZY010001000835,0001000835,住院,孙*贵,男,加6,骨科关节,择期,右,膝部|,单侧膝关节骨性关节病(M17.900x004),右侧,全部膝关节置换,81.5400,备单髁,颜连启,会诊麻醉,A3,2021-12-3 8:00,第一手术部,四级,1,1.5-小时
2249123,ZY010001000050,0001000050,住院,王*峰,男,86,心脏大血管病中心,择期,无,胸部|,主动脉夹层B型(I71.000x021),,胸主动脉覆膜支架腔内隔绝术,39.7303,,唐程斌,全麻,B4,2021-12-3 8:00,第二手术部,四级,1,2-小时
2249617,ZY010000999389,0000999389,住院,何*翠,女,16,妇科,择期,无,腹部|,盆腔肿瘤(D48.716),,开腹探查术,54.1100,,王志学,全麻,C1,2021-12-3 8:00,第一手术部,二级,2,4-小时
2249628,ZY010001000959,0001000959,住院,栾*兰,女,03,骨科关节,择期,右,髋部|,股骨头无菌性坏死(M87.002),右侧,全髋关节置换,81.5100,,颜连启,会诊麻醉,A5,2021-12-3 8:00,第一手术部,四级,1,1-小时
2249375,ZY010001000327,0001000327,住院,董*康,男,10,骨科创伤,择期,双,腰部|,多处损伤(T07.x00),,腰椎骨折切开复位内固定术,03.5305,,杨建东,会诊麻醉,A4,2021-12-3 8:00,第一手术部,四级,1,3-小时
2249716,ZY010001001076,0001001076,住院,王*龙,男,45,骨科脊柱,择期,双,腰部|,腰椎椎管狭窄(M48.005),,腰椎椎体间融合术，后入路,81.0801,,陶玉平,会诊麻醉,A4,2021-12-3 8:00,第一手术部,四级,1,3-小时
2249130,ZY010001000963,0001000963,住院,周*俊,男,1538,骨科创伤,择期,右,踝部|,取出内固定装置(Z47.000x002),右踝,踝关节内固定装置去除术,78.6705,,高红伟,会诊麻醉,A2,2021-12-3 8:00,第二手术部,二级,1,1-小时
2249320,ZY010001001383,0001001383,住院,徐*坤,男,615,普外甲乳外科,择期,无,颈部|,甲状腺结节(E04.101),左,单侧甲状腺切除伴甲状腺峡部切除术,06.2x02,,符德元,全麻,A1,2021-12-3 8:00,第一手术部,四级,1,1.5-小时
2249395,ZY010000998708,0000998708,住院,申*富,男,48,泌尿外科,择期,无,|,尿潴留(R33.x00),,经尿道前列腺激光切除术[TULIP手术],60.2100x001,备前列腺电切,姚浩,会诊麻醉,A2,2021-12-3 8:00,第一手术部,四级,0,2-小时
2249317,ZY010000996123,0000996123,住院,缪*,男,21,骨科手足,择期,右,手|,指肌腱粘连(M65.802),右示指,手指肌腱松解术,82.9100x004,,顾加祥,臂丛麻醉,A1,2021-12-3 8:00,第二手术部,二级,1,1-小时
2249495,ZY010000998065,0000998065,住院,居*宏,男,20,泌尿外科,择期,无,|,膀胱肿瘤(D41.401),,腹腔镜下膀胱根治切除术,57.7103,,王业华,全麻,A1,2021-12-3 8:00,第一手术部,四级,2,5-小时
2249495,ZY010000998065,0000998065,住院,居*宏,男,20,泌尿外科,择期,无,|,膀胱肿瘤(D41.401),,输尿管造口术,56.6100x003,,王业华,全麻,A1,2021-12-3 8:00,第一手术部,四级,2,5-小时
2249495,ZY010000998065,0000998065,住院,居*宏,男,20,泌尿外科,择期,无,|,膀胱肿瘤(D41.401),,尿道切除术,58.3903,,王业华,全麻,A1,2021-12-3 8:00,第一手术部,四级,2,5-小时
2249935,ZY010001002075,0001002075,住院,谭*才,男,30,眼科,择期,左,眼部|,泪小管裂伤(S05.810),左眼,泪小管吻合术,09.7301,,王健,局麻+心电监护,D5,2021-12-3 8:00,日间手术室,三级,2,1-小时
2249418,ZY010001001138,0001001138,住院,徐*兰,女,48,骨科关节,择期,右,髋部|,股骨颈骨折(S72.000),右侧,人工股骨头置换术,81.5201,备全髋,颜连启,会诊麻醉,A1,2021-12-3 8:00,第一手术部,四级,1,1-小时
2249295,ZY010001001474,0001001474,住院,张*英,女,31,骨科创伤,择期,右,膝部|,股骨远端骨折(S72.400x001),右,股骨骨折切开复位内固定术,79.3501,（股骨远端）,陈鹏涛,会诊麻醉,A1,2021-12-3 8:00,第二手术部,四级,1,2-小时
2249657,ZY010001001159,0001001159,住院,包*连,女,加7,骨科关节,择期,左,膝部|,双侧膝关节骨性关节病(M17.900x003),左侧,全部膝关节置换,81.5400,备单髁,颜连启,会诊麻醉,A4,2021-12-3 8:00,第一手术部,四级,1,1.5-小时
2249895,ZY010001000024,0001000024,住院,朱*法,男,29,眼科,择期,右,眼部|,2型糖尿病性视网膜病变(E11.301+H36.0*),右眼,玻璃体药物注射术,14.7903,（康柏西普）,李喆,局麻+心电监护,A7,2021-12-3 8:00,日间手术室,三级,1,0.5-小时
2249417,ZY010001000949,0001000949,住院,吴*谊,男,56,泌尿外科,择期,左,|,肾积水伴输尿管结石(N13.202),左侧,经尿道输尿管镜输尿管激光碎石术,56.0x00x005,备软镜,王业华,会诊麻醉,A3,2021-12-3 8:00,第一手术部,三级,0,1-小时
2249355,ZY010001000425,0001000425,住院,马*,男,61,创伤中心2,择期,无,|,多处损伤(T07.x00),,颈椎前路椎管减压术,03.0900x005,,王永祥,会诊麻醉,A1,2021-12-3 8:00,第一手术部,四级,1,2-小时
2249476,ZY010001001005,0001001005,住院,韩*国,男,32,骨科关节,择期,右,膝部|,类风湿性关节炎(M06.900),右侧,全部膝关节置换,81.5400,,颜连启,会诊麻醉,A2,2021-12-3 8:00,第一手术部,四级,1,1.5-小时
2249575,ZY010001000329,0001000329,住院,王*,男,46,泌尿外科,择期,左,|,泌尿道感染(N39.000),,膀胱镜D-J管取出术,97.6402,,杨进,局麻,A2,2021-12-3 8:00,第一手术部,一级,0,1-小时
2249135,ZY010000999861,0000999861,住院,任*宁,女,59,胸外科,择期,右,胸部|,纵隔肿物(J98.507),右,胸腔镜下纵隔病损切除术,34.3x04,,孙超,全麻,A1,2021-12-3 8:00,第一手术部,四级,2,2-小时
2248959,ZY010000999883,0000999883,住院,陈*山,男,303,骨科创伤,择期,左,踝部|,取出内固定装置(Z47.000x002),左,踝关节内固定装置去除术,78.6705,,方永超,会诊麻醉,A1,2021-12-3 8:00,第二手术部,二级,1,1.5-小时
2249637,ZY010000998710,0000998710,住院,王*,女,22,肝脾外科,择期,右,|,肝囊肿(K76.807),,腹腔镜下肝囊肿开窗引流术,50.0x03,,蒋国庆,全麻,B3,2021-12-3 8:00,第一手术部,三级,2,1-小时
2249622,ZY010001001883,0001001883,住院,赵*珍,女,859,妇科,择期,无,|,子宫内膜增厚(R93.803),,宫腔镜诊断性刮宫术,69.0902,,王志学,会诊麻醉,C2,2021-12-3 8:10,第一手术部,三级,0,0.5-小时
2249955,ZY010000999871,0000999871,住院,刘*官,男,加3,胆胰外科,择期,右,腹部|,胆囊息肉(K82.802),,腹腔镜下胆囊切除术,51.2300,,钱建军,全麻,A4,2021-12-3 8:30,第一手术部,三级,2,1-小时
2249507,ZY010001001330,0001001330,住院,苏*华,女,39,运动医学科,择期,右,上臂|,肩袖损伤(S46.002),右,肩关节镜下肩袖修补术,81.8300x008,,卢耀甲,会诊麻醉,A1,2021-12-3 8:30,日间手术室,四级,1,1.5-小时
2249325,ZY010001000166,0001000166,住院,王*干,男,1030,普外疝儿外科,择期,左,|,腹股沟斜疝(K40.901),左,腹腔镜下经腹膜前腹股沟疝补片修补术（TAPP）,17.1300x001,,屠义梅,会诊麻醉,A2,2021-12-3 8:30,第一手术部,三级,1,1-小时
2249959,ZY010001000499,0001000499,住院,尹*华,女,01,胆胰外科,择期,右,背部|,胆囊结石(K80.200x003),,腹腔镜下胆囊切除术,51.2300,,钱建军,全麻,A5,2021-12-3 8:30,第一手术部,三级,2,1-小时
2249896,ZY010001000726,0001000726,住院,吴*兰,女,20,胆胰外科,择期,右,腹部|,胆囊结石伴有急性胆囊炎(K80.000),,腹腔镜下胆囊切除术,51.2300,,钱建军,全麻,A3,2021-12-3 8:30,第一手术部,三级,2,1-小时
2249795,ZY010001001502,0001001502,住院,徐*香,女,712,胆胰外科,择期,右,腹部|,胆囊结石伴有其他胆囊炎(K80.100),,腹腔镜下胆囊切除术,51.2300,,钱建军,全麻,A2,2021-12-3 8:30,第一手术部,三级,2,1-小时
2249635,ZY010001001358,0001001358,住院,周*英,女,51,神经外科504,择期,无,头部|,脑动脉瘤(I67.100),,脑血管造影,88.4101,,何亮,局麻+心电监护,A1,2021-12-3 8:30,第二手术部,三级,1,1-小时
2248617,ZY010000999654,0000999654,住院,张*林,女,1516,普外甲乳外科,择期,无,颈部|,甲状腺肿瘤(D44.001),,单侧甲状腺切除伴甲状腺峡部切除术,06.2x02,备甲癌根治术,邵稳喜,全麻,A3,2021-12-3 9:00,第一手术部,四级,1,2-小时
2248655,ZY010000999753,0000999753,住院,魏*飞,男,600,普外甲乳外科,择期,无,颈部|,甲状腺肿瘤(D44.001),,单侧甲状腺切除伴甲状腺峡部切除术,06.2x02,备甲癌根治术,邵稳喜,全麻,A5,2021-12-3 9:00,第一手术部,四级,1,2-小时
2249326,ZY010000999709,0000999709,住院,侯*源,男,22,普外疝儿外科,择期,左,|,单侧腹股沟疝(K40.900x002),左,腹腔镜下经腹膜前腹股沟疝补片修补术（TAPP）,17.1300x001,,屠义梅,会诊麻醉,A3,2021-12-3 9:00,第一手术部,三级,1,1-小时
2249512,ZY010000990671,0000990671,住院,徐*芹,女,17,妇科,择期,无,腹部|,子宫平滑肌瘤(D25.900),,腹腔镜子宫病损切除术,68.2912,+宫腔镜诊刮,顾建娟,全麻,B3,2021-12-3 9:00,第一手术部,四级,2,1.5-小时
2249500,ZY010001000481,0001000481,住院,董*萍,女,30,神经外科504,择期,无,头部|,脑动脉瘤(I67.100x001),,脑血管造影,88.4101,,何亮,局麻+心电监护,D5,2021-12-3 9:00,第二手术部,三级,1,1-小时
2248475,ZY010001001360,0001001360,住院,王*萍,女,305,肾脏内科,择期,左,前臂|,慢性肾脏病5期(N18.001),左前臂,为肾透析的动静脉造瘘术,39.2700x001,,牟洪宾,局麻+心电监护,A8,2021-12-3 9:00,第一手术部,三级,1,1-小时
2248635,ZY010000999608,0000999608,住院,李*萍,女,1808,普外甲乳外科,择期,无,颈部|,甲状腺肿瘤(D44.001),,单侧甲状腺切除伴甲状腺峡部切除术,06.2x02,,邵稳喜,全麻,A2,2021-12-3 9:00,第一手术部,四级,1,2-小时
2248657,ZY010000999818,0000999818,住院,徐*芳,女,528,普外甲乳外科,择期,无,颈部|,甲状腺肿瘤(D44.001),,单侧甲状腺切除伴甲状腺峡部切除术,06.2x02,,邵稳喜,全麻,A6,2021-12-3 9:00,第一手术部,四级,1,2-小时
2249514,ZY010001000665,0001000665,住院,宋*,女,06,妇科,择期,无,腹部|,子宫平滑肌瘤(D25.900),,腹腔镜子宫病损切除术,68.2912,,顾建娟,全麻,B4,2021-12-3 9:00,第一手术部,四级,2,1.5-小时
2249016,ZY010000998362,0000998362,住院,成*龙,男,49,眼科,择期,右,眼部|,眼球破裂伤(S05.300x004),右眼,后入路玻璃体切割术,14.7401,,王健,局麻+心电监护,A7,2021-12-3 9:00,日间手术室,四级,2,1-小时
2248965,ZY010001000751,0001000751,住院,林*宝,男,31,肾脏内科,择期,左,前臂|,人工动静脉瘘狭窄(I97.807),左上肢,动静脉造瘘后球囊扩张(用于肾透析),39.5000x032,,牟洪宾,局麻+心电监护,D7,2021-12-3 9:00,第一手术部,四级,1,1-小时
2249675,ZY010001002510,0001002510,住院,顾*,女,30,妇科,择期,无,会阴部|,稽留流产(O02.100),,终止妊娠刮宫术,69.0101,,顾建娟,会诊麻醉,B2,2021-12-3 9:00,第一手术部,一级,0,0.5-小时
2248619,ZY010000999661,0000999661,住院,王*英,女,1382,普外甲乳外科,择期,无,颈部|,甲状腺肿瘤(D44.001),,单侧甲状腺切除伴甲状腺峡部切除术,06.2x02,,邵稳喜,全麻,A4,2021-12-3 9:00,第一手术部,四级,1,2-小时
2249577,ZY010001001134,0001001134,住院,张*明,男,61,骨科手足,择期,左,腕部|,腕舟骨骨折(S62.000x001),左腕桡骨、舟骨,腕骨骨折切开复位钢针内固定术,79.3300x012,+月骨脱位复位+正中神经松解术,刘宏君,会诊麻醉,A2,2021-12-3 9:00,第二手术部,三级,1,2-小时
2249477,ZY010001002157,0001002157,住院,常*浩辰,男,979,普外疝儿外科,择期,右,|,腹股沟斜疝(K40.901),右,腹腔镜下单侧腹股沟斜疝疝囊高位结扎术,53.0204,,屠义梅,会诊麻醉,A4,2021-12-3 9:30,第一手术部,三级,1,0.5-小时
2249555,ZY010001001226,0001001226,住院,居*英,女,42,运动医学科,择期,右,上臂|,肩袖损伤(S46.002),右,肩关节镜下肩袖修补术,81.8300x008,,卢耀甲,会诊麻醉,A2,2021-12-3 10:00,日间手术室,四级,1,1.5-小时
2249624,ZY010001002290,0001002290,住院,田*中,男,加6,神经外科504,择期,无,头部|,头痛(R51.x00),,脑血管造影,88.4101,,闫可,局麻+心电监护,D5,2021-12-3 10:00,第二手术部,三级,1,1-小时
2249504,ZY010001001056,0001001056,住院,朱*吉,男,加1,眼科,择期,左,眼部|,玻璃体切除硅油充填状态(Z98.801),左眼,玻璃体硅油取出术,14.6x02,,王健,局麻+心电监护,D8,2021-12-3 10:00,日间手术室,三级,1,1-小时
2248962,ZY010000999443,0000999443,住院,王*其,男,12,胸外科,择期,左,胸部|,肺占位性病变(R91.x03),左上,胸腔镜下肺病损切除术,32.2003,,陆世春,全麻,B2,2021-12-3 10:00,第一手术部,四级,2,2-小时
2249515,ZY010001000952,0001000952,住院,路*顶,男,25,眼科,择期,左,眼部|,慢性泪囊炎(H04.401),左眼,泪囊切除术,09.6x01,,王健,局麻+心电监护,C1,2021-12-3 10:00,日间手术室,一级,3,1-小时
2249362,ZY010001002160,0001002160,住院,徐*梅,女,26,骨科手足,择期,左,腕部|,桡骨远端骨折(S52.500x001),左,桡骨骨折切开复位钢板内固定术,79.3200x011,,刘宏君,臂丛麻醉,A3,2021-12-3 10:00,第二手术部,四级,1,1-小时
2248495,ZY010001001880,0001001880,住院,朱*顺,男,1144,肾脏内科,择期,左,前臂|,人工动静脉瘘狭窄(I97.807),,动静脉造瘘后球囊扩张(用于肾透析),39.5000x032,,牟洪宾,局麻+心电监护,C5,2021-12-3 10:00,第一手术部,四级,1,1-小时
2249475,ZY010001001443,0001001443,住院,徐*,女,586,骨科创伤,择期,右,上臂|,取除骨折内固定装置(Z47.001),右侧,肱骨内固定装置去除术,78.6201,,陈鹏涛,会诊麻醉,A2,2021-12-3 10:00,第二手术部,二级,1,1-小时
2249479,ZY010001001633,0001001633,住院,宋*全,男,842,骨科创伤,择期,左,上臂|,取除骨折内固定装置(Z47.001),左侧,肱骨内固定装置去除术,78.6201,,陈鹏涛,会诊麻醉,A3,2021-12-3 11:00,第二手术部,二级,1,1-小时
2249116,ZY010000999900,0000999900,住院,倪*香,女,58,胸外科,择期,右,胸部|,孤立性肺结节(R91.x00x011),右,胸腔镜下肺病损切除术,32.2003,,孙超,全麻,A2,2021-12-3 11:00,第一手术部,四级,2,3-小时
2248455,ZY010001000915,0001000915,住院,王*先,男,538,肾脏内科,择期,左,前臂|,慢性肾脏病5期(N18.001),左前臂,为肾透析的动静脉造瘘术,39.2700x001,,牟洪宾,局麻+心电监护,D6,2021-12-3 11:00,第一手术部,三级,1,1-小时
2249499,ZY010001002429,0001002429,住院,徐*明,男,加2,骨科手足,择期,左,腕部|,桡骨下端骨折(S52.500),左,桡骨骨折切开复位钢板内固定术,79.3200x011,,刘宏君,臂丛麻醉,A4,2021-12-3 11:00,第二手术部,四级,1,1-小时
2249235,ZY010001001119,0001001119,住院,薛*,男,加6,胃肠中心109,择期,无,腹部|,升结肠恶性肿瘤(C18.200),,腹腔镜右半结肠切除术,17.3300,,王道荣,全麻,A2,2021-12-3 11:00,第一手术部,四级,2,2.5-小时
2249535,ZY010001001749,0001001749,住院,刘*娜,女,50,神经外科504,择期,双,头部|,脑脊液鼻漏(G96.001),,脑脊液鼻漏修补术,02.1204,,张恒柱,全麻,A2,2021-12-3 11:00,第二手术部,四级,1,3-小时
2249659,ZY010001000148,0001000148,住院,任*,女,53,妇科,择期,无,腹部|,盆腔肿物(R19.002),,腹腔镜子宫病损切除术,68.2912,,顾建娟,全麻,B5,2021-12-3 11:00,第一手术部,四级,2,1.5-小时
2249695,ZY010001002090,0001002090,住院,裴*芳,女,03,骨科手足,择期,右,足部|,趾骨骨折(S92.500x001),右踇趾,残端皮肤修整术,86.8900x011,,刘宏君,腰麻,A5,2021-12-3 12:00,第二手术部,三级,2,1-小时
2249915,ZY010000995401,0000995401,住院,陆*勤,女,51,妇科,择期,无,腹部|,卵巢囊肿(N83.201),,腹腔镜双侧卵巢和输卵管切除术,65.6300,,尹香花,全麻,A2,2021-12-3 12:00,第一手术部,三级,2,1.5-小时
2248695,ZY010000999064,0000999064,住院,陈*林,男,47,肾脏内科,择期,右,前臂|,人工动静脉瘘闭塞(I97.806),右上肢,为肾透析的动静脉造瘘术,39.2700x001,,牟洪宾,局麻+心电监护,B6,2021-12-3 12:00,第一手术部,三级,1,1-小时
2249616,ZY010001001599,0001001599,住院,唐*芳,女,1169,运动医学科,择期,左,膝部|,腘窝囊肿(M71.200x001),左膝,腘窝囊肿切除术,83.3902,,卢耀甲,会诊麻醉,A3,2021-12-3 12:00,日间手术室,二级,1,0.5-小时
2248963,ZY010000998452,0000998452,住院,邵*盛,男,70,胸外科,择期,右,胸部|,孤立性肺结节(R91.x00x011),右下肺,胸腔镜肺叶节段切除术,32.3000,,束余声,全麻,C2,2021-12-3 12:00,第一手术部,四级,2,3-小时
2249735,ZY010000999813,0000999813,住院,袁*兴,男,57,骨科手足,择期,左,足部|,开放性足损伤(S91.301),左足,趾骨骨折切开复位钢针内固定术,79.3800x004,,刘宏君,腰麻,A6,2021-12-3 13:00,第二手术部,三级,2,1-小时
2248835,ZY010000998879,0000998879,住院,王*,男,13,肾脏内科,择期,左,前臂|,慢性肾脏病5期(N18.001),左上肢,动静脉造瘘后球囊扩张(用于肾透析),39.5000x032,,牟洪宾,局麻+心电监护,C3,2021-12-3 13:00,第一手术部,四级,1,1-小时
2249936,ZY010000998459,0000998459,住院,范*明,女,1036,妇科,择期,无,腹部|,卵巢囊肿(N83.201),,腹腔镜卵巢病损切除术,65.2501,,尹香花,全麻,A3,2021-12-3 13:00,第一手术部,三级,2,1.5-小时
2249501,ZY010001001419,0001001419,住院,袁*平,女,481,骨科创伤,择期,右,踝部|,取除骨折内固定装置(Z47.001),右侧,踝关节内固定装置去除术,78.6705,,陈鹏涛,会诊麻醉,A4,2021-12-3 13:00,第二手术部,二级,1,1-小时
2249638,ZY010001000887,0001000887,住院,闫*梅,女,433,运动医学科,择期,右,膝部|,半月板损伤(M23.308),右,膝关节镜下半月板成形术,81.4700x005,,卢耀甲,会诊麻醉,A4,2021-12-3 14:00,日间手术室,四级,1,1.5-小时
2249595,ZY010000999957,0000999957,住院,王*丽,女,89,骨科创伤,择期,右,上臂|,取除骨折内固定装置(Z47.001),右侧,肩胛骨内固定装置去除术,78.6101,（部分内固定取出）,陈鹏涛,会诊麻醉,A5,2021-12-3 14:00,第二手术部,二级,1,1-小时
2249815,ZY010000999895,0000999895,住院,杨*根,男,加1,骨科手足,择期,双,腕部|,取除骨折内固定装置(Z47.001),双,桡骨内固定装置去除术,78.6301,,刘宏君,全麻,A7,2021-12-3 14:00,第二手术部,二级,1,2-小时
2248855,ZY010000993307,0000993307,住院,刘*,女,19,肾脏内科,择期,左,前臂|,人工动静脉瘘狭窄(I97.807),,动静脉造瘘后球囊扩张(用于肾透析),39.5000x032,,牟洪宾,局麻+心电监护,D8,2021-12-3 14:00,第一手术部,四级,1,1-小时
2249938,ZY010001000845,0001000845,住院,高*梅,女,775,妇科,择期,无,腹部|,异常子宫出血(N93.901),,宫腔镜诊断性刮宫术,69.0902,,尹香花,全麻,A4,2021-12-3 14:30,第一手术部,三级,0,0.5-小时
2249875,ZY010000997025,0000997025,住院,刘*,女,33,骨科手足,择期,左,手|,取除骨折内固定装置(Z47.001),左手3、4,掌骨内固定装置去除术,78.6403,,刘宏君,臂丛麻醉,A8,2021-12-3 15:00,第二手术部,二级,1,1-小时
2249483,ZY010001000933,0001000933,住院,徐*兴,男,35,神经外科505,择期,无,头部|,脑积水(G91.900),,脑室-腹腔分流术,02.3400x002,,张恒柱,全麻,A3,2021-12-3 15:00,第二手术部,二级,1,3-小时
