﻿申请号,住院流水号,住院号,类别,姓名,性别,床号,申请科室,手术类别,部位,部位名称,诊断,手术前缀,手术名称,手术编码3.0,手术后缀,手术者,麻醉方式,台序,拟手术日期,手术室,手术级别,切口类型,预估手术时长
2397475,ZY010001061514,1061514,住院,陈*宝,男,20,神经外科504,择期,无,头部|,硬脊膜动静脉瘘(I77.002),,脊髓造影,87.2102,,何亮,局麻+心电监护,D1,2022/5/11 8:00,介入诊疗中心,三级,1,1.5-小时
2397495,ZY010001061754,1061754,住院,赵*,女,8,妇科,择期,无,腹部|,盆腔肿瘤(D48.716),,腹腔镜卵巢病损切除术,65.2501,（备卵巢肿瘤细胞减灭术）,尹香花,会诊麻醉,A1,2022/5/11 8:00,第一手术部,三级,2,3-小时
2397321,ZY010001059523,1059523,住院,邹*銮,男,88,肝脾外科,择期,右,|,肝占位性病变(R93.203),,部分肝切除术,50.22,,丁向民,全麻,A1,2022/5/11 8:00,第一手术部,四级,2,2-小时
2397556,ZY010001061228,1061228,住院,丁*,男,47,泌尿外科,择期,双,|,肾结石(N20.000),,经尿道输尿管镜肾盂激光碎石术,56.0x00x006,,周广臣,全麻,A1,2022/5/11 8:00,第一手术部,三级,2,3-小时
2397276,ZY010001062133,1062133,住院,詹*红,女,1236,普外血管外科,择期,右,大腿部|,下肢静脉曲张(I83.900x004),右,大隐静脉主干激光闭合术,38.5900x003,,陈兆雷,会诊麻醉,A1,2022/5/11 8:00,第二手术部,三级,1,1-小时
2397241,ZY010001060670,1060670,住院,董*香,女,1054,普外甲乳外科,择期,左,胸部|,乳房肿块(N63.x00),左,乳腺局部扩大切除术,85.2300x001,,邵稳喜,局麻,B3,2022/5/11 8:00,急诊手术室,三级,1,1-小时
2397244,ZY010001060972,1060972,住院,唐*,女,1030,普外甲乳外科,择期,左,胸部|,乳房肿块(N63.x00),左,乳腺局部扩大切除术,85.2300x001,,邵稳喜,局麻,C2,2022/5/11 8:00,急诊手术室,三级,1,1-小时
2397476,ZY010001058116,1058116,住院,陈*和,男,59,胆胰外科,择期,右,腹部|,胆囊结石伴慢性胆囊炎急性发作(K80.000x004),,腹腔镜下胆囊切除术,51.23,#NAME?,钱建军,全麻,A5,2022/5/11 8:00,第一手术部,三级,2,2-小时
2397476,ZY010001058116,1058116,住院,陈*和,男,59,胆胰外科,择期,右,腹部|,胆囊结石伴慢性胆囊炎急性发作(K80.000x004),,腹腔镜下阑尾切除术,47.01,#NAME?,钱建军,全麻,A5,2022/5/11 8:00,第一手术部,三级,2,2-小时
2397555,ZY010001056464,1056464,住院,王*,男,39,神经外科504,择期,无,头部|,颈内动脉海绵窦瘘(I67.106),,经导管颈内动脉海绵窦瘘栓塞术,39.7216,,甄勇,全麻,C8,2022/5/11 8:00,介入诊疗中心,四级,1,3-小时
2397439,ZY010001060901,1060901,住院,张*东,男,31,眼科,择期,左,眼部|,内斜视(H50.000x004),左眼,一条眼外肌的悬吊术,15.2901,(内直肌)+外直肌缩短术,叶东升,局麻+心电监护,A2,2022/5/11 8:00,日间手术室,四级,1,1-小时
2397443,ZY010001057511,1057511,住院,郭*安,男,932,运动医学科,择期,左,膝部|,半月板损伤(M23.308),左,膝关节镜下半月板成形术,81.4700x005,,卢耀甲,会诊麻醉,C1,2022/5/11 8:00,日间手术室,四级,1,0.5-小时
2397377,ZY010001060989,1060989,住院,潘*英,女,27,神经外科506,择期,左,头部|,颅内占位性病变(R90.000),,神经导航下颅内病灶切除术,1.5936,,张恒柱,全麻,A1,2022/5/11 8:00,第二手术部,四级,1,3-小时
2397501,ZY010001061726,1061726,住院,庞*义,男,18,耳鼻咽喉头颈外科,择期,左,鼻部|,鼻息肉(J33.900),左侧,内镜下鼻内病损切除术,21.3104,,于爱民,全麻,A2,2022/5/11 8:00,第一手术部,四级,2,2-小时
2397501,ZY010001061726,1061726,住院,庞*义,男,18,耳鼻咽喉头颈外科,择期,左,鼻部|,鼻息肉(J33.900),左侧,上颌窦病损切除术,22.6200x004,,于爱民,全麻,A2,2022/5/11 8:00,第一手术部,四级,2,2-小时
2397254,ZY010001059772,1059772,住院,刘*,男,51,普外甲乳外科,择期,无,颈部|,甲状腺肿瘤(D44.001),,甲状腺全部切除术,06.4x00,,何春兰,全麻,A1,2022/5/11 8:00,第一手术部,四级,1,2-小时
2397238,ZY010001046600,1046600,住院,朱*月,女,377,普外甲乳外科,择期,左,胸部|,乳房肿块(N63.x00),左,乳腺局部扩大切除术,85.2300x001,,邵稳喜,局麻,A1,2022/5/11 8:00,急诊手术室,三级,1,1-小时
2397249,ZY010001059703,1059703,住院,杨*珍,女,529,普外甲乳外科,择期,无,颈部|,甲状腺肿瘤(D44.001),,单侧甲状腺切除伴甲状腺峡部切除术,06.2x02,,符德元,全麻,A2,2022/5/11 8:00,第一手术部,四级,1,1.5-小时
2397441,ZY010001061343,1061343,住院,王*云,男,1829,肝脾外科,择期,右,|,胆总管结石(K80.501),,腹腔镜下胆囊切除术,51.23,,丁向民,全麻,A2,2022/5/11 8:00,第一手术部,四级,2,2-小时
2397441,ZY010001061343,1061343,住院,王*云,男,1829,肝脾外科,择期,右,|,胆总管结石(K80.501),,腹腔镜下胆总管切开取石术,51.8803,,丁向民,全麻,A2,2022/5/11 8:00,第一手术部,四级,2,2-小时
2397215,ZY010001061122,1061122,住院,祁*,男,59,骨科创伤,择期,左,踝部|,跟腱断裂(S86.001),左侧,跟腱缝合术,83.6402,,方永超,会诊麻醉,A1,2022/5/11 8:00,第二手术部,二级,1,1.5-小时
2397504,ZY010001061635,1061635,住院,鲁*,女,431,耳鼻咽喉头颈外科,择期,双,咽部|,声带息肉(J38.102),双侧,内镜下声带病损切除术,30.0905,,于爱民,全麻,A5,2022/5/11 8:00,第一手术部,三级,2,0.5-小时
2397502,ZY010001060748,1060748,住院,王*和,男,718,耳鼻咽喉头颈外科,择期,无,咽部|,咽部肿物(J39.219),等离子,支撑喉镜下咽部病损切除术,29.3905,,于爱民,全麻,A3,2022/5/11 8:00,第一手术部,三级,2,1-小时
2397335,ZY010001056129,1056129,住院,郎*加,男,51,临床心理科,择期,无,|,复发性抑郁障碍(F33.900),,电休克疗法[EST],94.2702,,杨扬,全麻,A1,2022/5/11 8:00,第一手术部,,0,2-小时
2397253,ZY010001062241,1062241,住院,陈*凤,女,2045,普外甲乳外科,择期,右,胸部|,乳房肿块(N63.x00),右,乳腺局部扩大切除术,85.2300x001,备右单侧保乳乳腺改良根治术,符德元,全麻,A5,2022/5/11 8:00,第一手术部,三级,1,2.5-小时
2397380,ZY010001061750,1061750,住院,张*根,女,23,骨科脊柱,择期,无,腰部|,脊柱侧弯(M41.900),,腰椎椎体间融合术，后入路,81.0801,,杨建东,会诊麻醉,B2,2022/5/11 8:00,第一手术部,四级,1,3-小时
2397278,ZY010001061968,1061968,住院,林*,男,6,骨科创伤,择期,左,上臂|,肩锁关节脱位(S43.100),左侧,肩锁关节脱位切开复位内固定术,79.8100x006,,胡乐,会诊麻醉,A2,2022/5/11 8:00,第二手术部,四级,1,1.5-小时
2397375,ZY010001061952,1061952,住院,薛*吉,男,2103,泌尿外科,择期,无,|,前列腺增生(N40.x00),,经尿道前列腺激光切除术[TULIP手术],60.2100x001,,王业华,会诊麻醉,A2,2022/5/11 8:00,第一手术部,四级,0,3-小时
2397320,ZY010001061568,1061568,住院,张*,男,57,创伤中心2,择期,右,上臂|,肩锁关节脱位(S43.100),右侧,肩锁关节脱位切开复位内固定术,79.8100x006,,王骅,会诊麻醉,A2,2022/5/11 8:00,第一手术部,四级,1,1-小时
2397479,ZY010001061037,1061037,住院,方*军,男,40,胆胰外科,择期,右,腹部|,胆囊结石伴有急性胆囊炎(K80.000),,腹腔镜下胆囊切除术,51.23,,钱建军,全麻,A6,2022/5/11 8:00,第一手术部,三级,2,1-小时
2397247,ZY010001059006,1059006,住院,娄*月,女,574,普外甲乳外科,择期,左,胸部|,乳房肿块(N63.x00),左,乳腺局部扩大切除术,85.2300x001,,邵稳喜,局麻,C1,2022/5/11 8:00,急诊手术室,三级,1,1-小时
2397438,ZY010001057623,1057623,住院,潘*宽,男,5,口腔科,择期,左,颈部|,2型糖尿病(E11.900),左腮腺病损切除术+左,腮腺浅叶切除术,26.3100x009,#NAME?,何海波,全麻,B4,2022/5/11 8:00,第一手术部,四级,1,2.5-小时
2397318,ZY010001056390,1056390,住院,谈*友,男,3103,泌尿外科,择期,无,|,膀胱肿瘤(D41.401),膀胱镜检查术备,经尿道膀胱病损电切术,57.4900x001,,姚浩,全麻,A2,2022/5/11 8:00,第一手术部,四级,0,2.0-小时
2397437,ZY010001059549,1059549,住院,马*国,男,23,运动医学科,择期,左,肩部|,肩袖损伤(S46.002),左,肩关节镜下肩袖修补术,81.8300x008,,费文勇,会诊麻醉,A1,2022/5/11 8:00,日间手术室,四级,1,1.5-小时
2397277,ZY010001060735,1060735,住院,张*中,男,5,胃肠中心109,择期,无,腹部|,胃恶性肿瘤(C16.900),,腹腔镜下胃切除术,43.9900x003,,王道荣,全麻,A1,2022/5/11 8:00,第一手术部,四级,2,2-小时
2397356,ZY010001062405,1062405,住院,张*,女,10,骨科脊柱,择期,无,腰部|,腰椎骨折(S32.000),,经皮椎体增强,81.66,,冯新民,会诊麻醉,A1,2022/5/11 8:00,第一手术部,四级,1,1-小时
2397557,ZY010001060750,1060750,住院,顾*,男,33,眼科,择期,左,眼部|,老年性白内障(H25.900),左眼,白内障超声乳化抽吸术,13.4100x001,#NAME?,赵明,局麻+心电监护,C8,2022/5/11 8:00,日间手术室,三级,1,0.3-小时
2397405,ZY010001061227,1061227,住院,李*军,男,11,介入放射科,择期,无,|,肝恶性肿瘤(C22.900),肝HAIC,动脉化疗栓塞,99.2501,,吕朋华,局麻,A1,2022/5/11 8:00,介入诊疗中心,四级,1,1-小时
2397470,ZY010001061514,1061514,住院,陈*宝,男,20,神经外科504,择期,无,头部|,硬脊膜动静脉瘘(I77.002),,脊髓造影,87.2102,,何亮,局麻+心电监护,B1,2022/5/11 8:00,第二手术部,三级,1,1.5-小时
2397415,ZY010001060037,1060037,住院,秦*胜,男,27,骨科手足,择期,左,小腿部|,腓总神经损伤(S84.800x001),左,腓总神经松解术,4.4915,,张乃臣,腰麻,A1,2022/5/11 8:00,第二手术部,三级,1,1-小时
2397179,ZY010001061604,1061604,住院,岑*香,女,1315,胸外科,择期,左,胸部|,贲门恶性肿瘤(C16.000),,贲门部分切除伴食管-胃吻合术,43.5x00x003,,孙超,全麻,A1,2022/5/11 8:00,第一手术部,四级,2,3-小时
2397265,ZY010001058873,1058873,住院,田*萍,女,27,泌尿外科,择期,无,|,膀胱肿瘤(D41.401),,经尿道膀胱病损电切术,57.4900x001,,俞俊杰,全麻,A1,2022/5/11 8:00,第一手术部,四级,0,1-小时
2397404,ZY010001062258,1062258,住院,杨*,男,1,眼科,择期,右,眼部|,玻璃体积血(H43.100),右眼,后入路玻璃体切割术,14.7401,,叶东升,局麻+心电监护,C7,2022/5/11 8:00,日间手术室,四级,1,1-小时
2397461,ZY010001059883,1059883,住院,徐*,女,36,口腔科,择期,左,口腔|,舌下腺囊肿(K11.603),,舌下腺病损切除术,26.2903,,何海波,全麻,B2,2022/5/11 8:00,第一手术部,三级,2,1.5-小时
2397519,ZY010001062302,1062302,住院,叶*,女,3,妇科,择期,无,|,子宫粘膜下平滑肌瘤(D25.000x001),,宫腔镜检查,68.1200x001,,黄永生,静脉麻醉,D3,2022/5/11 8:00,第一手术部,二级,0,0.5-小时
2397538,ZY010001061347,1061347,住院,张*凤,女,20,骨科脊柱,择期,无,胸部|,取除骨折内固定装置(Z47.001),,脊柱内固定装置去除术,78.6907,,杨建东,会诊麻醉,B4,2022/5/11 8:00,第一手术部,二级,1,1-小时
2397303,ZY010001057303,1057303,住院,徐*利,男,619,泌尿外科,择期,无,|,前列腺增生(N40.x00),,超声引导下前列腺穿刺活检,60.1100x002,,朱良勇,局麻,D2,2022/5/11 8:00,内镜手术室,二级,2,2.0-小时
2397258,ZY010001061767,1061767,住院,刘*梅,女,5,普外甲乳外科,择期,右,胸部|,乳腺恶性肿瘤(C50.900x011),右,单侧乳房根治性切除伴同侧腋窝前哨淋巴结活检术,85.4500x001,,符德元,全麻,A1,2022/5/11 8:00,第一手术部,四级,1,2-小时
2397408,ZY010001061509,1061509,住院,孔*,女,1339,普外甲乳外科,择期,左,胸部|,乳房结节(N63.x01),左,乳腺局部扩大切除术,85.2300x001,,祝玉祥,局麻,A1,2022/5/11 8:00,日间手术室,三级,1,1-小时
2397537,ZY010001061284,1061284,住院,罗*明,男,2003,耳鼻咽喉头颈外科,择期,双,咽部|,声带肿物(J38.308),双侧,内镜下声带病损切除术,30.0905,,于爱民,全麻,A4,2022/5/11 8:00,第一手术部,三级,2,0.5-小时
2397459,ZY010001061494,1061494,住院,朱*,男,642,肝脾外科,择期,右,|,胆囊结石伴有急性胆囊炎(K80.000),,腹腔镜下胆囊切除术,51.23,,丁向民,全麻,A3,2022/5/11 8:00,第一手术部,三级,2,1-小时
2397185,ZY010001060096,1060096,住院,生*飞,女,396,胸外科,择期,右,胸部|,孤立性肺结节(R91.x00x011),右上,胸腔镜下肺病损切除术,32.2003,,贺建胜,全麻,B1,2022/5/11 8:00,第一手术部,四级,2,2-小时
2397309,ZY010001060041,1060041,住院,包*兰,女,39,烧伤整形外科,择期,无,臀部|,骶尾区Ⅳ期压疮(L89.300x001),骶尾部扩创+,创面封闭式负压引流术（VSD),86.0401,,徐刚,会诊麻醉,C1,2022/5/11 8:00,烧伤整形外科手术室,三级,3,1-小时
2397395,ZY010001062445,1062445,住院,聂*友,男,46,骨科创伤,择期,右,小腿部|,腓骨骨折(S82.400x001),右,腓骨骨折切开复位内固定术,79.3602,,胡乐,会诊麻醉,A3,2022/5/11 8:00,第二手术部,三级,1,1-小时
2397456,ZY010001061302,1061302,住院,武*,男,51,骨科脊柱,择期,无,腰部|,腰椎骨折(S32.000),,脊柱内固定装置去除术,78.6907,,冯新民,会诊麻醉,B1,2022/5/11 8:00,第一手术部,二级,1,1-小时
2397468,ZY010001060051,1060051,住院,李*莲,女,49,胆胰外科,择期,右,腹部|,胆囊结石伴有急性胆囊炎(K80.000),,腹腔镜下胆囊切除术,51.23,,钱建军,全麻,A2,2022/5/11 8:00,第一手术部,三级,2,1-小时
2397595,ZY010001059430,1059430,住院,张*东,男,17,肛肠科,临时,无,肛门部|,肛瘘(K60.300),,肛门瘘管切除术,49.12,,康雨龙,局麻,A7,2022/5/11 8:00,肛肠科手术室,二级,3,1-小时
2397536,ZY010001062107,1062107,住院,陶*,女,61,妇科,择期,无,|,子宫粘连(N73.604),,宫腔镜检查,68.1200x001,,黄永生,静脉麻醉,D4,2022/5/11 8:00,第一手术部,二级,0,0.5-小时
2397178,ZY010001059840,1059840,住院,唐*华,女,1037,普外甲乳外科,择期,左,胸部|,乳头溢液(N64.504),左,乳腺局部扩大切除术,85.2300x001,,何春兰,局麻(备气管内麻),A3,2022/5/11 8:00,第一手术部,三级,1,1-小时
2397457,ZY010001060921,1060921,住院,李*峰,男,10,眼科,择期,右,眼部|,孔源性视网膜脱离(H33.001),右眼,后入路玻璃体切割术,14.7401,,赵明,局麻+心电监护,D7,2022/5/11 8:00,日间手术室,四级,1,1-小时
2397474,ZY010001052690,1052690,住院,朱*娟,女,25,妇科,择期,无,|,子宫平滑肌瘤(D25.900),,子宫病损切除术,68.2906,#NAME?,黄永生,全麻,D1,2022/5/11 8:00,第一手术部,二级,2,2-小时
2397259,ZY010001036837,1036837,住院,王*山,男,3094,普外甲乳外科,择期,右,背部|,神经纤维瘤(M95400/0),右肩背部,皮下组织病损切除术,86.3x03,,符德元,全麻,A3,2022/5/11 8:00,第一手术部,一级,1,1.5-小时
2397192,ZY010001060957,1060957,住院,郑*林,男,29,肾脏内科,择期,左,前臂|,慢性肾脏病5期(N18.001),左前臂,为肾透析的动静脉造瘘术,39.2700x001,,徐军,局麻,D2,2022/5/11 8:00,第一手术部,三级,1,1-小时
2397312,ZY010001061718,1061718,住院,刘*,男,7,高血压科,择期,右,|,不稳定型心绞痛(I20.000),,单根导管的冠状动脉造影术,88.55,,廖清池,局麻+心电监护,A1,2022/5/11 8:00,介入诊疗中心,三级,1,2-小时
2397458,ZY010001061659,1061659,住院,陶*巧,女,1710,口腔科,择期,右,口腔|,牙龈瘤(K06.803),右上,颌骨上牙病损切除术,24.4x00,,何海波,全麻,B3,2022/5/11 8:00,第一手术部,三级,2,1-小时
2397520,ZY010001057395,1057395,住院,张*玲,女,49,耳鼻咽喉头颈外科,择期,左,颈部|,腮腺肿瘤(D37.011),左侧,面神经解剖术,4.0401,#NAME?,于爱民,全麻,A1,2022/5/11 8:00,第一手术部,四级,1,5-小时
2397520,ZY010001057395,1057395,住院,张*玲,女,49,耳鼻咽喉头颈外科,择期,左,颈部|,腮腺肿瘤(D37.011),左侧,腮腺浅叶切除术,26.3100x009,#NAME?,于爱民,全麻,A1,2022/5/11 8:00,第一手术部,四级,1,5-小时
2397575,ZY010001061329,1061329,住院,杨*侠,女,62,创伤中心2,择期,左,小腿部|,取除骨折内固定装置(Z47.001),左胫,腓骨内固定装置去除术,78.6703,,王骅,会诊麻醉,A3,2022/5/11 8:00,第一手术部,二级,1,2-小时
2397463,ZY010001059163,1059163,住院,刘*前,男,818,肝脾外科,择期,右,|,胆囊结石伴慢性胆囊炎(K80.101),,腹腔镜下胆囊切除术,51.23,,丁向民,全麻,A4,2022/5/11 8:00,第一手术部,三级,2,1-小时
2397465,ZY010001061054,1061054,住院,王*芝,男,35,骨科脊柱,临时,无,腰部|,腰椎间盘突出(M51.202),,内镜下腰椎髓核切除术,80.5111,,冯新民,静脉麻醉,A2,2022/5/11 8:00,第一手术部,四级,1,2-小时
2397615,ZY010001059526,1059526,住院,姜*炎,男,38,胃肠中心309,择期,无,|,结肠肿物(K63.811),,腹腔镜乙状结肠切除术,17.36,,陈平,全麻,A1,2022/5/11 8:00,第一手术部,四级,2,3-小时
2397716,ZY010001062496,1062496,住院,林*红,女,27,心内科206,临时,右,手|,不稳定型心绞痛(I20.000),,单根导管的冠状动脉造影术,88.55,,陈述,局麻+心电监护,A8,2022/5/11 8:00,介入诊疗中心,三级,1,1-小时
2397401,ZY010001062682,1062682,住院,喻*保,男,5,心内科206,择期,右,|,心力衰竭(I50.900),,单根导管的冠状动脉造影术,88.55,,廖清池,局麻+心电监护,C1,2022/5/11 8:00,介入诊疗中心,三级,1,2-小时
2397410,ZY010001060458,1060458,住院,徐*兰,女,37,心内科306,择期,左,大腿部|,心力衰竭(I50.900),,心电生理检查,89.5901,必要时射频消融术,鲍正宇,局麻+心电监护,A4,2022/5/11 8:00,介入诊疗中心,四级,1,2-小时
2397466,ZY010001061685,1061685,住院,徐*琴,女,3,胆胰外科,择期,右,腹部|,梗阻性黄疸(K83.109),,胆管病损切除术,51.6901,,钱建军,全麻,A1,2022/5/11 8:00,第一手术部,四级,2,4-小时
2397543,ZY010001056464,1056464,住院,王*,男,39,神经外科504,择期,无,头部|,颈内动脉海绵窦瘘(I67.106),,经导管颈内动脉海绵窦瘘栓塞术,39.7216,,甄勇,全麻,A1,2022/5/11 8:00,第二手术部,四级,1,3-小时
2397406,ZY010001056214,1056214,住院,时*波,男,13,骨科脊柱,择期,无,腰部|,腰椎间盘突出(M51.202),,腰椎椎体间融合术，后入路,81.0801,,杨建东,会诊麻醉,B3,2022/5/11 8:00,第一手术部,四级,1,2-小时
2397302,ZY010001060385,1060385,住院,舒*崇,男,36,泌尿外科,择期,无,|,膀胱肿瘤(D41.401),,腹腔镜下全膀胱切除术,57.7901,#NAME?,王业华,全麻,A1,2022/5/11 8:00,第一手术部,四级,2,4-小时
2397304,ZY010001060734,1060734,住院,陈*美,女,1857,眼科,择期,左,眼部|,老年性白内障(H25.900),左眼,白内障超声乳化抽吸术,13.4100x001,#NAME?,赵明,局麻+心电监护,C1,2022/5/11 8:00,日间手术室,三级,1,0.3-小时
2397400,ZY010001016534,1016534,住院,孙*煊,女,1048,普外疝儿外科,择期,左,|,单侧腹股沟斜疝(K40.900x003),左,腹腔镜下单侧腹股沟斜疝疝囊高位结扎术,53.0204,,戚腾,全麻,A1,2022/5/11 8:00,第一手术部,三级,1,0.5-小时
2397191,ZY010001058487,1058487,住院,姜*菊,女,47,心脏大血管病中心,择期,无,胸部|,三尖瓣关闭不全(I07.100),二次,胸腔镜下三尖瓣生物瓣膜置换术,35.2702,,唐程斌,全麻,A1,2022/5/11 8:00,心脏大血管病中心手术室,四级,1,5-小时
2397191,ZY010001058487,1058487,住院,姜*菊,女,47,心脏大血管病中心,择期,无,胸部|,三尖瓣关闭不全(I07.100),二次,胸腔镜下心脏射频消融改良迷宫术,37.3703,,唐程斌,全麻,A1,2022/5/11 8:00,心脏大血管病中心手术室,四级,1,5-小时
2397402,ZY010001061559,1061559,住院,胡*珠,女,27,眼科,择期,右,眼部|,老年性白内障(H25.900),右眼,白内障超声乳化抽吸术,13.4100x001,#NAME?,叶东升,局麻+心电监护,D7,2022/5/11 8:00,日间手术室,三级,1,1-小时
2397515,ZY010001062425,1062425,住院,邱*,女,27,妇科,择期,无,|,子宫粘膜下平滑肌瘤(D25.000x001),,宫腔镜诊断性刮宫术,69.0902,,黄永生,静脉麻醉,D2,2022/5/11 8:00,第一手术部,三级,0,0.5-小时
2397471,ZY010001061864,1061864,住院,周*清,男,23,胆胰外科,择期,右,腹部|,胆囊结石伴有急性胆囊炎(K80.000),,腹腔镜下胆囊切除术,51.23,,钱建军,全麻,A4,2022/5/11 8:00,第一手术部,三级,2,1-小时
2397455,ZY010001062213,1062213,住院,梁*,女,13,普外甲乳外科,择期,左,胸部|,乳房肿块(N63.x00),左,乳腺局部扩大切除术,85.2300x001,,祝玉祥,局麻,A4,2022/5/11 8:00,日间手术室,三级,1,1-小时
2397310,ZY010001061900,1061900,住院,韦*华,男,389,泌尿外科,择期,无,|,膀胱肿瘤(D41.401),,膀胱镜检查,57.3200x001,,俞俊杰,局麻,C1,2022/5/11 8:00,第一手术部,一级,0,1-小时
2397297,ZY010001060167,1060167,住院,许*,男,1039,泌尿外科,择期,左,|,肾结石(N20.000),左侧,经尿道输尿管镜肾盂超声碎石取石术,56.0x00x016,,姚浩,全麻,A1,2022/5/11 8:00,第一手术部,三级,0,1.5-小时
2397472,ZY010001060253,1060253,住院,袁*霞,女,2149,骨科手足,择期,左,中指|,局部肿物(R22.901),左中指,皮肤病损根治性切除术,86.4x00,,王天亮,局麻,A1,2022/5/11 8:00,第二手术部,三级,1,1-小时
2397184,ZY010001061910,1061910,住院,沈*梅,女,15,胃肠中心109,择期,无,腹部|,直肠乙状结肠交界处肿瘤(D37.503),,开腹探查术,54.11,（备直肠癌根治术）,乔唐,全麻,C1,2022/5/11 8:00,第一手术部,四级,2,3-小时
2397184,ZY010001061910,1061910,住院,沈*梅,女,15,胃肠中心109,择期,无,腹部|,直肠乙状结肠交界处肿瘤(D37.503),,经尿道输尿管支架置入术,59.8x03,（备直肠癌根治术）,乔唐,全麻,C1,2022/5/11 8:00,第一手术部,四级,2,3-小时
2397473,ZY010001060103,1060103,住院,赵*广,男,2017,胆胰外科,择期,右,腹部|,胆囊息肉(K82.802),,腹腔镜下胆囊切除术,51.23,,钱建军,全麻,A7,2022/5/11 8:00,第一手术部,三级,2,1-小时
2397301,ZY010001061926,1061926,住院,王*兰,女,71,骨科创伤,择期,左,膝部|,髌骨骨折(S82.000),左侧,髌骨骨折切开复位内固定术,79.3604,,胡乐,会诊麻醉,A4,2022/5/11 8:00,第二手术部,三级,1,2-小时
2397409,ZY010001061473,1061473,住院,李*,女,907,普外甲乳外科,择期,右,胸部|,乳房结节(N63.x01),右,乳腺局部扩大切除术,85.2300x001,,祝玉祥,局麻,A2,2022/5/11 8:00,日间手术室,三级,1,1-小时
2397261,ZY010001059564,1059564,住院,刘*,男,1,创伤中心2,择期,左,踝部|,多处损伤(T07.x00),左,腓骨骨折切开复位内固定术,79.3602,,王骅,会诊麻醉,A1,2022/5/11 8:00,第一手术部,三级,1,2-小时
2397261,ZY010001059564,1059564,住院,刘*,男,1,创伤中心2,择期,左,踝部|,多处损伤(T07.x00),左,踝关节骨折切开复位内固定术,79.3603,,王骅,会诊麻醉,A1,2022/5/11 8:00,第一手术部,三级,1,2-小时
2397399,ZY010001062359,1062359,住院,孙*才,男,12,骨科脊柱,择期,无,胸部|,胸椎骨折(S22.000),,经皮椎体增强,81.66,,杨建东,会诊麻醉,B1,2022/5/11 8:00,第一手术部,四级,1,1-小时
2397263,ZY010001060699,1060699,住院,李*山,男,17,泌尿外科,择期,无,|,前列腺恶性肿瘤(C61.x00),,超声引导下前列腺穿刺活检,60.1100x002,,朱良勇,局麻,A1,2022/5/11 8:00,内镜手术室,二级,2,1.5-小时
2397189,ZY010001060181,1060181,住院,胡*龙,男,47,骨科创伤,择期,左,大腿部|,股骨粗隆间骨折(S72.101),左股骨粗隆间,股骨骨折切开复位内固定术,79.3501,,陈鹏涛,会诊麻醉,A1,2022/5/11 8:00,第二手术部,四级,1,2-小时
2397264,ZY010001060067,1060067,住院,邹*德,男,25,普外甲乳外科,择期,无,颈部|,甲状腺肿瘤(D44.001),,甲状腺全部切除术,06.4x00,,何春兰,全麻,A2,2022/5/11 8:00,第一手术部,四级,1,3.5-小时
2397523,ZY010001055474,1055474,住院,田*娟,女,99,妇科,择期,无,|,子宫平滑肌瘤(D25.900),,子宫病损切除术,68.2906,,顾建娟,全麻,C1,2022/5/11 8:00,第一手术部,二级,2,1-小时
2397180,ZY010001059885,1059885,住院,罗*香,女,1561,普外甲乳外科,择期,无,颈部|,甲状腺结节(E04.101),,单侧甲状腺切除伴甲状腺峡部切除术,06.2x02,,何春兰,全麻,A4,2022/5/11 8:00,第一手术部,四级,1,2-小时
2397378,ZY010001058579,1058579,住院,王*良,男,953,普外疝儿外科,择期,右,|,单侧腹股沟疝(K40.900x002),右,腹腔镜下单侧腹股沟疝修补术,53.0002,,戚腾,全麻,A2,2022/5/11 8:30,第一手术部,三级,1,1-小时
2397478,ZY010001061236,1061236,住院,徐*荣,女,13,胆胰外科,择期,右,腹部|,胆总管扩张(K83.817),,腹腔镜下胆囊切除术,51.23,#NAME?,钱建军,全麻,A3,2022/5/11 8:30,第一手术部,三级,3,2-小时
2397478,ZY010001061236,1061236,住院,徐*荣,女,13,胆胰外科,择期,右,腹部|,胆总管扩张(K83.817),,腹腔镜下胆总管切开取石术,51.8803,#NAME?,钱建军,全麻,A3,2022/5/11 8:30,第一手术部,三级,3,2-小时
2397535,ZY010001062032,1062032,住院,朱*翠,女,45,妇科,择期,无,|,输卵管积水(N70.103),,腹腔镜双侧输卵管切除术,66.5102,,顾建娟,全麻,C2,2022/5/11 8:30,第一手术部,三级,2,1-小时
2397503,ZY010001060265,1060265,住院,朱*,女,2118,妇科,择期,无,|,宫颈赘生物(N88.807),,宫腔镜诊断性刮宫术,69.0902,,顾建娟,全麻,C3,2022/5/11 9:00,第一手术部,三级,0,0.5-小时
2397436,ZY010001055287,1055287,住院,季*,男,8,骨科手足,择期,左,上臂|,取除骨折内固定装置(Z47.001),左肱骨\,桡骨内固定装置去除术,78.6301,,张乃臣,臂丛麻醉,A2,2022/5/11 9:00,第二手术部,二级,1,2-小时
2397407,ZY010001057920,1057920,住院,徐*兰,女,2,普外疝儿外科,择期,无,|,腹壁切口疝(K43.901),,腹壁切口疝无张力修补术,53.6101,,戚腾,全麻,A3,2022/5/11 9:00,第一手术部,三级,2,2-小时
2397311,ZY010001061442,1061442,住院,江*珍,女,3062,肾脏内科,择期,左,前臂|,慢性肾脏病5期(N18.001),左上肢,动静脉造瘘后球囊扩张(用于肾透析),39.5000x032,,牟洪宾,局麻+心电监护,C3,2022/5/11 9:00,第一手术部,四级,1,1-小时
2397242,ZY010001059092,1059092,住院,王*梅,女,36,肾脏内科,择期,左,前臂|,慢性肾脏病5期(N18.001),左前臂,为肾透析的动静脉造瘘术,39.2700x001,,徐军,局麻,B7,2022/5/11 9:30,第一手术部,三级,1,1-小时
2397279,ZY010001062019,1062019,住院,杨*秀,女,1525,普外血管外科,择期,左,大腿部|,下肢静脉功能不全(I87.201),左,大隐静脉主干激光闭合术,38.5900x003,,陈兆雷,会诊麻醉,A2,2022/5/11 10:00,第二手术部,三级,1,1-小时
2397195,ZY010001060107,1060107,住院,邓*,女,27,胸外科,择期,右,胸部|,孤立性肺结节(R91.x00x011),右上,胸腔镜下肺病损切除术,32.2003,,石维平,全麻,A2,2022/5/11 10:00,第一手术部,四级,2,1-小时
2397460,ZY010001061608,1061608,住院,李*,女,45,运动医学科,择期,左,膝部|,膝关节前十字韧带损伤(S83.500x012),左,关节镜膝关节前交叉韧带重建术,81.4504,,费文勇,会诊麻醉,A2,2022/5/11 10:00,日间手术室,四级,1,2-小时
2397539,ZY010001061058,1061058,住院,王*兰,女,1576,妇科,择期,无,|,子宫内膜增厚(R93.803),,宫腔镜诊断性刮宫术,69.0902,,顾建娟,全麻,C4,2022/5/11 10:00,第一手术部,三级,0,0.5-小时
2397183,ZY010001060753,1060753,住院,李*年,女,452,胸外科,择期,左,胸部|,孤立性肺结节(R91.x00x011),左上,胸腔镜下肺部分切除术,32.2000x003,,孙超,全麻,B2,2022/5/11 10:00,第一手术部,四级,2,2-小时
2397296,ZY010001059864,1059864,住院,李*元,男,57,胃肠中心109,择期,无,腹部|,胃恶性肿瘤(C16.900),,腹腔镜下胃切除术,43.9900x003,,王道荣,全麻,A2,2022/5/11 10:00,第一手术部,四级,2,2-小时
2397257,ZY010001061917,1061917,住院,杨*兰,女,73,骨科创伤,择期,右,大腿部|,局部肿物(R22.901),右大腿,软组织病损切除术,83.3900x017,,陈鹏涛,会诊麻醉,A2,2022/5/11 10:00,第二手术部,二级,1,2-小时
2397469,ZY010001055667,1055667,住院,陈*兵,男,663,运动医学科,择期,左,膝部|,半月板损伤(M23.308),左,膝关节镜下半月板成形术,81.4700x005,,卢耀甲,会诊麻醉,C2,2022/5/11 10:00,日间手术室,四级,1,0.5-小时
2397403,ZY010001060474,1060474,住院,秦*厚,男,5,神经外科504,择期,双,头部|,后交通动脉瘤破裂伴蛛网膜下隙出血(I60.301),,侧脑室腹腔内分流术,2.3401,,张恒柱,全麻,A2,2022/5/11 10:30,第二手术部,二级,1,2-小时
2397496,ZY010001059631,1059631,住院,张*兰,女,39,妇科,择期,左,腹部|,宫颈上皮内肿瘤(N87.901),,腹腔镜经腹全子宫切除术,68.41,#NAME?,尹香花,全麻,A2,2022/5/11 11:00,第一手术部,四级,2,2-小时
2397308,ZY010001061879,1061879,住院,杨*琴,女,80,骨科创伤,择期,左,膝部|,胫骨骨折(S82.202),左侧,胫骨骨折切开复位内固定术,79.3601,,高红伟,会诊麻醉,A3,2022/5/11 11:00,第二手术部,四级,1,2-小时
2397617,ZY010001058956,1058956,住院,王*忠,男,3,胃肠中心309,择期,无,|,胃肿瘤(D37.101),,根治性胃切除术,43.9900x004,,陈平,全麻,A2,2022/5/11 11:00,第一手术部,四级,2,3-小时
2397235,ZY010001060232,1060232,住院,王*仁,男,1415,胸外科,择期,右,胸部|,孤立性肺结节(R91.x00x011),右上,胸腔镜下肺病损切除术,32.2003,,石维平,全麻,B3,2022/5/11 12:00,第一手术部,四级,2,2-小时
2397516,ZY010001060878,1060878,住院,栾*青,女,96,妇科,择期,无,腹部|,子宫平滑肌瘤(D25.900),,腹腔镜子宫病损切除术,68.2912,,尹香花,会诊麻醉,A3,2022/5/11 12:00,第一手术部,四级,2,1-小时
2397541,ZY010001060956,1060956,住院,陈*香,女,27,胃肠中心109,择期,无,|,胃肿瘤(D37.101),,根治性胃切除术,43.9900x004,,陈平,全麻,B1,2022/5/11 12:00,第一手术部,四级,2,3-小时
2397187,ZY010001059702,1059702,住院,马*妹,女,5,胃肠中心309,择期,无,腹部|,横结肠肿瘤(D37.405),,右半结肠切除术,45.7300x007,,乔唐,全麻,C2,2022/5/11 12:00,第一手术部,四级,2,2-小时
2397177,ZY010001060693,1060693,住院,张*良,男,1303,胸外科,择期,右,胸部|,食管恶性肿瘤(C15.900),全腔镜,颈胸腹三切口食管部分切除术,42.4102,,石维平,全麻,A3,2022/5/11 12:00,第一手术部,四级,2,4-小时
2397357,ZY010001062317,1062317,住院,周*,男,42,神经外科505,择期,右,头部|,手术后颅骨缺失(Z90.000x003),右侧,颅骨修补术,02.0600x003,,张恒柱,全麻,A3,2022/5/11 13:00,第二手术部,二级,1,2-小时
2397442,ZY010001061362,1061362,住院,程*琴,女,1828,运动医学科,择期,右,肩部|,肩袖损伤(S46.002),右,肩关节镜下肩袖修补术,81.8300x008,,费文勇,会诊麻醉,A3,2022/5/11 13:00,日间手术室,四级,1,1.5-小时
2397635,ZY010001056420,1056420,住院,史*智,男,41,胃肠中心209,临时,无,口腔|,结肠恶性肿瘤(C18.900),,内镜下胆管支架置入术,51.8700x003,,刘军,全麻,A3,2022/5/11 13:00,内镜手术室,四级,0,1-小时
2397517,ZY010001060779,1060779,住院,徐*燕,女,52,妇科,择期,无,腹部|,子宫平滑肌瘤(D25.900),,腹腔镜子宫病损切除术,68.2912,,尹香花,会诊麻醉,A4,2022/5/11 13:00,第一手术部,四级,2,1-小时
2397358,ZY010001061543,1061543,住院,谢*芹,女,50,胃肠中心209,择期,无,腹部|,胆总管结石伴胆管炎(K80.302),,内镜下胆管碎石取石术,51.8800x009,,刘军,静脉麻醉,D7,2022/5/11 14:00,内镜手术室,四级,0,0.5-小时
2397245,ZY010001061565,1061565,住院,张*华,男,65,胃肠中心209,择期,无,|,胆总管结石伴胆管炎(K80.302),,内镜去除胆管结石,51.88,,刘军,全麻,A1,2022/5/11 14:00,内镜手术室,四级,0,1-小时
2397505,ZY010001061263,1061263,住院,赵*田,男,20,胃肠中心109,择期,无,|,胃恶性肿瘤(C16.900),,根治性胃切除术,43.9900x004,,陈平,全麻,A3,2022/5/11 14:00,第一手术部,四级,2,3-小时
2397499,ZY010001059692,1059692,住院,吴*梅,女,811,妇科,择期,无,阴道|,子宫内膜息肉(N84.001),,宫腔镜诊断性刮宫术,69.0902,,尹香花,会诊麻醉,A5,2022/5/11 14:00,第一手术部,三级,0,0.5-小时
2397518,ZY010001062082,1062082,住院,张*梅,女,383,妇科,择期,无,会阴部|,子宫内膜息肉(N84.001),,宫腔镜诊断性刮宫术,69.0902,,尹香花,会诊麻醉,A6,2022/5/11 14:30,第一手术部,三级,0,0.5-小时
2397497,ZY010001061982,1061982,住院,李*衡,男,J13,CICU,择期,无,胸部|,主动脉夹层B型(I71.000x021),,胸主动脉覆膜支架腔内隔绝术,39.7303,（备开窗分支支架植入术）,唐程斌,全麻,A4,2022/5/11 15:00,第二手术部,四级,1,4-小时
2397500,ZY010001061982,1061982,住院,李*衡,男,J13,CICU,择期,无,胸部|,主动脉夹层B型(I71.000x021),,胸主动脉覆膜支架腔内隔绝术,39.7303,（备开窗分支支架植入术）,唐程斌,全麻,A3,2022/5/11 15:00,介入诊疗中心,四级,1,3-小时
2397464,ZY010001061301,1061301,住院,李*婷,女,703,运动医学科,择期,左,膝部|,半月板损伤(M23.308),左,膝关节镜下半月板成形术,81.4700x005,,费文勇,会诊麻醉,A4,2022/5/11 15:00,日间手术室,四级,1,0.5-小时
2397521,ZY010001060979,1060979,住院,毛*明,女,879,妇科,择期,无,阴道|,妊娠状态(Z33.x00x001),,终止妊娠刮宫术,69.0101,,尹香花,会诊麻醉,A7,2022/5/11 15:00,第一手术部,一级,0,0.5-小时
2397618,ZY010001059997,1059997,住院,陈*凤,女,63,胃肠中心309,择期,无,|,回肠造口状态(Z93.200),,回肠造口还纳术,46.5100x002,,陈平,全麻,A4,2022/5/11 17:00,第一手术部,二级,2,2-小时
