﻿申请号,住院流水号,住院号,类别,姓名,性别,床号,申请科室,手术类别,部位,部位名称,诊断,手术前缀,手术名称,手术编码3.0,手术后缀,手术者,麻醉方式,台序,拟手术日期,手术室,手术级别,切口类型,预估手术时长
2375827,ZY010001052328,1052328,住院,艾*平,女,409,骨科创伤,择期,左,膝部|,取出内固定装置(Z47.000x002),左,胫骨内固定装置去除术,78.6701,,陈鹏涛,会诊麻醉,A3,2022/4/15 8:00,第二手术部,二级,1,1-小时
2375819,ZY010001050295,1050295,住院,卞*福,男,55,胸外科,择期,左,胸部|,孤立性肺结节(R91.x00x011),左,胸腔镜下肺病损切除术,32.2003,,石维平,全麻,A2,2022/4/15 10:00,第一手术部,四级,2,3-小时
2375782,ZY010001052104,1052104,住院,步*娟,女,3,胆胰内科,择期,右,腹部|,急性胆管炎(K83.001),,内镜下胆管碎石取石术,51.8800x009,,邓登豪,静脉麻醉,A1,2022/4/15 14:00,内镜手术室,四级,1,0.5-小时
2375962,ZY010001052627,1052627,住院,蔡*萍,女,42,胆胰内科,择期,无,|,十二指肠肿瘤(D37.203),,内镜下胆管置管引流术,51.8700x004,,邓登豪,静脉麻醉,B8,2022/4/15 14:00,内镜手术室,四级,0,1-小时
2375895,ZY010001052273,1052273,住院,蔡*轩,男,621,普外疝儿外科,择期,左,|,单侧腹股沟疝(K40.900x002),左,腹腔镜下单侧腹股沟斜疝疝囊高位结扎术,53.0204,,汤劲松,全麻,A1,2022/4/15 8:00,第一手术部,三级,1,0.5-小时
2375749,ZY010001052312,1052312,住院,蔡*英,女,1827,普外甲乳外科,择期,无,颈部|,甲状腺肿瘤(D44.001),,单侧甲状腺切除伴甲状腺峡部切除术,06.2x02,,邵稳喜,全麻,A6,2022/4/15 9:00,第一手术部,四级,1,2-小时
2375877,ZY010001052735,1052735,住院,曹*龙,男,3099,运动医学科,择期,右,上臂|,肩袖损伤(S46.002),右,肩关节镜下肩袖修补术,81.8300x008,,费文勇,会诊麻醉,A2,2022/4/15 9:00,日间手术室,四级,1,2-小时
2375858,ZY010001052215,1052215,住院,曹*仁,男,63,骨科脊柱,择期,无,腰部|,胸椎骨折(S22.000),,经皮椎体增强,81.66,,杨建东,会诊麻醉,A2,2022/4/15 8:00,第一手术部,四级,1,1-小时
2375935,ZY010001052260,1052260,住院,曹*柱,男,910,普外疝儿外科,择期,右,|,单侧腹股沟疝(K40.900x002),右,单侧腹股沟疝无张力修补术,53.0501,,汤劲松,会诊麻醉,A8,2022/4/15 11:30,第一手术部,三级,1,1-小时
2375745,ZY010001050283,1050283,住院,曾*兰,女,32,胸外科,择期,右,胸部|,孤立性肺结节(R91.x00x011),右上,胸腔镜肺叶节段切除术,32.3,,陆世春,全麻,B2,2022/4/15 10:00,第一手术部,四级,2,2-小时
2375736,ZY010001052148,1052148,住院,常*英,女,加3,普外甲乳外科,择期,右,胸部|,乳房肿块(N63.x00),右,单侧乳腺改良根治术,85.4301,,邵稳喜,全麻,A1,2022/4/15 8:00,第一手术部,三级,1,2-小时
2376196,ZY010001052671,1052671,住院,陈*,男,52,胃肠中心209,择期,无,肛门部|,末端性回肠炎(K50.000x001),,双(单)气囊小肠镜检查,45.1300x005,,陈洁,全麻,A4,2022/4/15 8:00,内镜手术室,二级,0,1-小时
2376012,ZY010001052585,1052585,住院,陈*,女,1413,骨科关节,择期,右,膝部|,双侧膝关节骨性关节病(M17.900x003),右侧,全部膝关节置换,81.54,,颜连启,会诊麻醉,A3,2022/4/15 13:00,第一手术部,四级,1,2-小时
2375776,ZY010001049642,1049642,住院,陈*宝,男,1,胸外科,择期,右,胸部|,孤立性肺结节(R91.x00x011),右上,胸腔镜下肺病损切除术,32.2003,,石维平,全麻,C2,2022/4/15 10:00,第一手术部,四级,2,2-小时
2375853,ZY010001051573,1051573,住院,陈*笛,男,1507,泌尿外科,择期,右,会阴部|,精索鞘膜积液(N43.302),,睾丸鞘状突高位结扎术,61.4901,,王业华,全麻,A3,2022/4/15 8:00,第一手术部,二级,0,2-小时
2375959,ZY010001052645,1052645,住院,陈*华,女,1030,运动医学科,择期,左,膝部|,半月板损伤(M23.308),左,膝关节镜下半月板成形术,81.4700x005,,卢耀甲,会诊麻醉,C4,2022/4/15 11:00,日间手术室,四级,1,2-小时
2376268,ZY010001052230,1052230,住院,陈*兰,女,加3,肝脾外科,临时,右,|,多发性肝囊肿(K76.806),,腹腔镜下肝囊肿开窗引流术,50.0x03,,蒋国庆,全麻,A6,2022/4/15 8:00,第一手术部,三级,2,1-小时
2375833,ZY010001052729,1052729,住院,程*轩,男,2188,骨科创伤,择期,左,小腿部|,取除骨折内固定装置(Z47.001),左,腓骨内固定装置去除术,78.6703,,陈鹏涛,会诊麻醉,A6,2022/4/15 8:00,第二手术部,二级,1,1.5-小时
2375833,ZY010001052729,1052729,住院,程*轩,男,2188,骨科创伤,择期,左,小腿部|,取除骨折内固定装置(Z47.001),左,踝关节内固定装置去除术,78.6705,,陈鹏涛,会诊麻醉,A6,2022/4/15 8:00,第二手术部,二级,1,1.5-小时
2375923,ZY010001045913,1045913,住院,仇*春,男,55,泌尿外科,择期,双,|,输尿管结石(N20.100),双侧,经尿道输尿管镜输尿管激光碎石术,56.0x00x005,,俞俊杰,全麻,B1,2022/4/15 8:00,第一手术部,三级,0,2-小时
2376003,ZY010001048792,1048792,住院,戴*,女,35,胆胰外科,择期,右,腹部|,胆总管结石(K80.501),,腹腔镜下胆囊切除术,51.23,,钱建军,全麻,A2,2022/4/15 8:00,第一手术部,三级,2,1-小时
2376078,ZY010001052437,1052437,住院,邓*丹,女,1832,胆胰外科,择期,右,腹部|,胆囊结石伴有急性胆囊炎(K80.000),,腹腔镜下胆囊切除术,51.23,,钱建军,全麻,A5,2022/4/15 8:00,第一手术部,三级,2,1-小时
2376395,ZY010001052990,1052990,住院,刁*英,女,15,心内科306,临时,无,|,具有心脏起搏器(Z95.000),,心脏起搏器电极调整术,37.7501,,孙磊,局麻+心电监护,C3,2022/4/15 8:00,介入诊疗中心,四级,1,1-小时
2376235,ZY010001044170,1044170,住院,丁*馨,女,684,耳鼻咽喉头颈外科,临时,右,耳部|,先天性耳前瘘管(Q18.102),右,耳前病损切除术,18.2101,,焦成,全麻,C1,2022/4/15 8:00,日间手术室,二级,2,1-小时
2376175,ZY010001051881,1051881,住院,丁*珍,女,2023,神经外科506,择期,无,颈部|,椎管内外占位性病变(G95.900x004),,椎管内外病损切除术,03.0100x004,,张恒柱,全麻,A2,2022/4/15 12:00,第二手术部,四级,1,4-小时
2376242,ZY010001052908,1052908,住院,窦*凤,女,301,耳鼻咽喉头颈外科,临时,左,咽部|,咽部肿物(J39.219),等离子左,支撑喉镜下咽部病损切除术,29.3905,,张文韬,全麻,B6,2022/4/15 8:00,第一手术部,三级,2,1-小时
2375781,ZY010001048220,1048220,住院,方*凤,女,2109,普外甲乳外科,择期,左,颈部|,颈淋巴结肿大(R59.005),左,颈淋巴结切除术,40.2900x021,,邵稳喜,全麻,A5,2022/4/15 9:00,第一手术部,二级,1,2-小时
2375778,ZY010001051703,1051703,住院,房*健,男,61,肾脏内科,择期,右,前臂|,慢性肾脏病5期(N18.001),右上肢,动静脉造瘘后球囊扩张(用于肾透析),39.5000x032,,牟洪宾,局麻+心电监护,C4,2022/4/15 9:00,第一手术部,四级,1,2-小时
2375738,ZY010001048539,1048539,住院,冯*芬,女,1753,普外甲乳外科,择期,无,颈部|,甲状腺肿瘤(D44.001),,单侧甲状腺切除伴甲状腺峡部切除术,06.2x02,,邵稳喜,全麻,A3,2022/4/15 9:00,第一手术部,四级,1,2-小时
2376001,ZY010001052555,1052555,住院,高*,男,22,胃肠中心209,择期,无,|,结肠息肉(K63.500),,内镜下结肠黏膜下剥离术(ESD),45.4300x009,,刘军,全麻,B5,2022/4/15 8:00,内镜手术室,四级,0,1-小时
2374818,ZY010001052632,1052632,住院,高*,男,1087,肾脏内科,择期,无,腹部|,慢性肾脏病5期(N18.001),,腹膜透析手工法拔管,97.8600x009,,牟洪宾,局麻+心电监护,A1,2022/4/15 9:00,第一手术部,,1,2-小时
2376240,ZY010001051720,1051720,住院,高*芹,女,911,耳鼻咽喉头颈外科,临时,无,咽部|,会厌囊肿(J38.715),,支撑喉镜下会厌病损等离子切除术,30.0900x042,,焦成,全麻,C4,2022/4/15 8:00,日间手术室,三级,2,1-小时
2376241,ZY010001052088,1052088,住院,高*元,男,2073,耳鼻咽喉头颈外科,临时,双,咽部|,声带息肉(J38.102),双侧,内镜下声带病损切除术,30.0905,,张文韬,全麻,B5,2022/4/15 8:00,第一手术部,三级,2,1-小时
2375977,ZY010001052340,1052340,住院,龚*成,男,32,胃肠中心209,择期,无,|,结肠息肉(K63.500),,内镜下结肠黏膜下剥离术(ESD),45.4300x009,,王璐,全麻,B3,2022/4/15 8:00,内镜手术室,四级,0,1-小时
2375748,ZY010001049885,1049885,住院,龚*礼,男,42,胸外科,择期,左,胸部|,孤立性肺结节(R91.x00x011),左上,胸腔镜肺叶节段切除术,32.3,,陆世春,全麻,B1,2022/4/15 8:00,第一手术部,四级,2,2-小时
2375874,ZY010001052439,1052439,住院,顾*兰,女,1,普外疝儿外科,择期,右,|,复发性腹股沟疝(K40.906),右,腹腔镜下经腹膜前腹股沟疝补片修补术（TAPP）,17.1300x001,,汤劲松,会诊麻醉,A6,2022/4/15 10:30,第一手术部,三级,1,1.5-小时
2376215,ZY010001049694,1049694,住院,郭*,女,60,骨科手足,择期,右,手|,多指\[趾\]畸形(Q69.900),右拇指,多指截指术,84.0100x001,截骨矫形,张乃臣,臂丛麻醉,A1,2022/4/15 8:00,第二手术部,三级,1,2-小时
2376195,ZY010001049460,1049460,住院,韩*根,男,25,肝脾外科,择期,左,腹部|,脾功能亢进(D73.100),,腹腔镜全脾切除术,41.5x01,,蒋国庆,全麻,A1,2022/4/15 8:00,第一手术部,三级,2,2-小时
2376195,ZY010001049460,1049460,住院,韩*根,男,25,肝脾外科,择期,左,腹部|,脾功能亢进(D73.100),,贲门周围血管离断术,44.9100x001,,蒋国庆,全麻,A1,2022/4/15 8:00,第一手术部,三级,2,2-小时
2375854,ZY010001052035,1052035,住院,韩*宏,男,1561,胃肠中心109,择期,无,腹部|,胃恶性肿瘤(C16.900),根治性,腹腔镜下胃切除术,43.9900x003,,王道荣,全麻,A2,2022/4/15 11:00,第一手术部,四级,2,2-小时
2376216,ZY010001051845,1051845,住院,黄*,男,25,普外血管外科,择期,左,大腿部|,下肢静脉曲张(I83.900x004),左,大隐静脉主干激光闭合术,38.5900x003,,陈兆雷,会诊麻醉,A2,2022/4/15 9:00,第二手术部,三级,1,1-小时
2375695,ZY010001052049,1052049,住院,黄*松,男,18,骨科创伤,择期,左,膝部|,髌骨骨折(S82.000),左,髌骨骨折切开复位内固定术,79.3604,,方永超,会诊麻醉,A4,2022/4/15 11:00,第二手术部,三级,1,1.5-小时
2376243,ZY010001053286,1053286,住院,黄*霞,女,457,普外甲乳外科,临时,无,胸部|,乳腺恶性肿瘤(C50.900x011),,静脉输液港植入术,86.0701,,蔡凤林,局麻,A4,2022/4/15 8:00,第一手术部,四级,1,1-小时
2375750,ZY010001050954,1050954,住院,惠*芹,女,33,胸外科,择期,右,胸部|,孤立性肺结节(R91.x00x011),,胸腔镜肺叶节段切除术,32.3,,金卫国,全麻,D3,2022/4/15 14:00,第一手术部,四级,1,2-小时
2375921,ZY010001053229,1053229,住院,贾*珍,女,29,骨科脊柱,择期,无,腰部|,腰椎骨折(S32.000),,经皮椎骨成形术,81.65,,王永祥,会诊麻醉,A3,2022/4/15 10:00,第一手术部,四级,1,1-小时
2375843,ZY010001052577,1052577,住院,蒋*,男,2082,骨科创伤,择期,左,前臂|,取出内固定装置(Z47.000x002),左,肱骨内固定装置去除术,78.6201,,陈鹏涛,会诊麻醉,A4,2022/4/15 8:00,第二手术部,二级,1,1-小时
2375873,ZY010001052441,1052441,住院,蒋*香,女,加1,神经外科504,择期,无,头部|,脑动脉瘤(I67.100x001),,脑血管造影,88.4101,,闫可,局麻+心电监护,D1,2022/4/15 8:00,介入诊疗中心,三级,1,1-小时
2376223,ZY010001051733,1051733,住院,阚*忠,男,62,耳鼻咽喉头颈外科,择期,双,鼻部|,慢性鼻窦炎(J32.900),,内镜下鼻窦病损切除术,22.6002,,马伟,全麻,B3,2022/4/15 8:00,第一手术部,四级,2,3-小时
2375859,ZY010001051337,1051337,住院,孔*美,女,1318,运动医学科,择期,左,上臂|,肩袖损伤(S46.002),左,肩关节镜下肩袖修补术,81.8300x008,,费文勇,会诊麻醉,A1,2022/4/15 8:00,日间手术室,四级,1,2-小时
2375864,ZY010001052742,1052742,住院,李*芳,女,21,骨科脊柱,择期,无,胸部|,胸椎骨折(S22.000),,经皮椎体增强,81.66,,冯新民,会诊麻醉,B1,2022/4/15 8:00,第一手术部,四级,1,1-小时
2375743,ZY010001050938,1050938,住院,李*芳,女,61,胸外科,择期,右,胸部|,孤立性肺结节(R91.x00x011),,胸腔镜下肺叶切除术,32.41,,金卫国,全麻,D2,2022/4/15 11:00,第一手术部,四级,1,2-小时
2376023,ZY010001050892,1050892,住院,李*锋,男,9,骨科手足,择期,左,前臂|,前臂肌肉和肌腱损伤(S56.801),左手,拇长伸肌腱缝合术,82.4500x001,,张乃臣,腰麻,A4,2022/4/15 11:00,第二手术部,二级,1,1-小时
2376220,ZY010001052160,1052160,住院,李*林,女,65,耳鼻咽喉头颈外科,择期,双,鼻部|,慢性鼻窦炎(J32.900),双侧,内镜下鼻窦病损切除术,22.6002,,于爱民,全麻,B1,2022/4/15 8:00,第一手术部,四级,2,3-小时
2375999,ZY010001051624,1051624,住院,李*梅,女,9,普外甲乳外科,择期,右,|,乳腺恶性肿瘤(C50.900x011),右侧,乳腺局部扩大切除术,85.2300x001,保乳+前哨,章佳新,全麻,A1,2022/4/15 12:00,第一手术部,三级,1,1.5-小时
2375965,ZY010001052309,1052309,住院,李*喜,男,6,心内科206,择期,右,|,心力衰竭(I50.900),,单根导管的冠状动脉造影术,88.55,,廖清池,局麻+心电监护,A1,2022/4/15 8:00,介入诊疗中心,三级,1,2-小时
2375839,ZY010001052925,1052925,住院,李*仙,女,72,骨科创伤,择期,右,踝部|,多处损伤(T07.x00),右,踝关节骨折切开复位内固定术,79.3603,,陈鹏涛,会诊麻醉,A2,2022/4/15 8:00,第二手术部,四级,1,1.5-小时
2375845,ZY010001051007,1051007,住院,李*亚,男,560,口腔科,择期,无,口腔|,口底恶性肿瘤(C04.900),口底恶性肿瘤扩大切除术+左侧,根治性颈淋巴结清扫，单侧,40.41,,何海波,全麻,B1,2022/4/15 8:00,第一手术部,四级,2,4-小时
2375775,ZY010001049283,1049283,住院,李*云,女,41,妇科,择期,无,|,子宫平滑肌瘤(D25.900),,腹腔镜经腹全子宫切除术,68.41,#NAME?,黄永生,全麻,D1,2022/4/15 8:00,第一手术部,四级,2,1-小时
2376260,ZY010001052010,1052010,住院,梁*艳,女,1382,耳鼻咽喉头颈外科,临时,双,咽部|,声带息肉(J38.102),双侧,内镜下声带病损切除术,30.0905,,焦成,全麻,C5,2022/4/15 8:00,日间手术室,三级,2,1-小时
2375830,ZY010001052366,1052366,住院,刘*,女,3010,骨科创伤,择期,左,上臂|,取出内固定装置(Z47.000x002),左,锁骨内固定装置去除术,78.6103,,陈鹏涛,会诊麻醉,A5,2022/4/15 8:00,第二手术部,二级,1,1-小时
2376022,ZY010001048547,1048547,住院,刘*,男,37,胃肠中心309,择期,无,腹部|,乙状结肠肿瘤(D37.409),,腹腔镜下乙状结肠部分切除术,17.3600x001,,石磊,全麻,B1,2022/4/15 10:00,第一手术部,四级,2,2-小时
2375976,ZY010001051807,1051807,住院,刘*华,男,16,泌尿外科,择期,无,|,前列腺增生(N40.x00),,经尿道前列腺激光切除术[TULIP手术],60.2100x001,,周广臣,会诊麻醉,A1,2022/4/15 8:00,第一手术部,四级,2,4-小时
2375821,ZY010001051855,1051855,住院,刘*年,男,828,普外血管外科,择期,左,大腿部|,下肢静脉功能不全(I87.201),左,下肢静脉曲张的结扎术和剥脱术,38.59,,陈兆雷,会诊麻醉,A3,2022/4/15 10:00,第二手术部,三级,1,1-小时
2375821,ZY010001051855,1051855,住院,刘*年,男,828,普外血管外科,择期,左,大腿部|,下肢静脉功能不全(I87.201),左,大隐静脉主干激光闭合术,38.5900x003,,陈兆雷,会诊麻醉,A3,2022/4/15 10:00,第二手术部,三级,1,1-小时
2375881,ZY010001052559,1052559,住院,刘*双,男,1885,普外疝儿外科,择期,右,|,单侧腹股沟疝(K40.900x002),右,腹腔镜下经腹膜前腹股沟疝补片修补术（TAPP）,17.1300x001,,汤劲松,全麻,A2,2022/4/15 8:30,第一手术部,三级,1,1-小时
2376095,ZY010001050589,1050589,住院,刘*香,女,2045,妇科,择期,无,腹部|,卵巢囊肿(N83.201),,腹腔镜卵巢病损切除术,65.2501,,尹香花,会诊麻醉,A3,2022/4/15 14:00,第一手术部,三级,0,0.5-小时
2376009,ZY010001051754,1051754,住院,卢*,女,2029,骨科创伤,择期,左,踝部|,取出内固定装置(Z47.000x002),左,踝关节内固定装置去除术,78.6705,,胡乐,会诊麻醉,A3,2022/4/15 8:00,第二手术部,二级,1,0.5-小时
2375715,ZY010001050860,1050860,住院,陆*国,男,37,胸外科,择期,右,胸部|,气胸(J93.900),右,胸腔镜下肺大疱切除术,32.2002,,孙超,全麻,A1,2022/4/15 8:00,第一手术部,四级,2,2-小时
2376475,ZY010001043931,1043931,住院,吕*莉,女,59,妇科,临时,无,|,子宫内膜息肉(N84.001),,宫腔镜诊断性刮宫术,69.0902,,黄永生,静脉麻醉,D8,2022/4/15 8:00,第一手术部,三级,0,0.5-小时
2376266,ZY010001051441,1051441,住院,马*,男,690,普外甲乳外科,临时,无,颈部|,甲状腺结节(E04.101),,单侧甲状腺切除伴甲状腺峡部切除术,06.2x02,,符德元,全麻,A3,2022/4/15 8:00,第一手术部,四级,1,2-小时
2375737,ZY010001051625,1051625,住院,马*,女,1228,普外甲乳外科,择期,无,颈部|,甲状腺肿瘤(D44.001),,单侧甲状腺切除伴甲状腺峡部切除术,06.2x02,,邵稳喜,全麻,A2,2022/4/15 9:00,第一手术部,四级,1,2-小时
2375875,ZY010001050755,1050755,住院,马*才,男,72,胃肠中心209,择期,无,口腔|,食管粘膜不典型增生(K22.800x024),,内镜食管黏膜下剥离术,42.3305,,陈磊,全麻,B8,2022/4/15 8:00,内镜手术室,四级,0,1-小时
2376224,ZY010001048338,1048338,住院,马*江,男,60,耳鼻咽喉头颈外科,择期,右,鼻部|,鼻息肉(J33.900),右,内镜下鼻内病损切除术,21.3104,,严齐,全麻,B4,2022/4/15 8:00,第一手术部,四级,2,2-小时
2376224,ZY010001048338,1048338,住院,马*江,男,60,耳鼻咽喉头颈外科,择期,右,鼻部|,鼻息肉(J33.900),右,内镜下鼻窦病损切除术,22.6002,,严齐,全麻,B4,2022/4/15 8:00,第一手术部,四级,2,2-小时
2376007,ZY010001053280,1053280,住院,马*兰,女,1292,普外甲乳外科,择期,左,|,乳房肿块(N63.x00),左侧,乳腺局部扩大切除术,85.2300x001,备改良根治术,章佳新,全麻,A2,2022/4/15 12:00,第一手术部,三级,1,2.5-小时
2375961,ZY010001052153,1052153,住院,马*想,男,18,口腔科,择期,双,口腔|,下颌骨囊肿(K09.205),,颌骨上牙病损切除术,24.4x00,,邱建平,全麻,A4,2022/4/15 8:00,第一手术部,三级,2,1-小时
2376259,ZY010001051079,1051079,住院,毛*华,男,1035,肝脾外科,临时,右,腹部|,胆囊结石伴慢性胆囊炎(K80.101),,腹腔镜下胆囊切除术,51.23,,蒋国庆,全麻,A5,2022/4/15 8:00,第一手术部,三级,2,2-小时
2376006,ZY010001050038,1050038,住院,孟*萍,女,加5,妇科,择期,无,|,卵巢囊肿(N83.201),,单侧输卵管-卵巢切除术,65.4900x001,,王志学,全麻,B2,2022/4/15 8:00,第一手术部,二级,2,1-小时
2375872,ZY010001052342,1052342,住院,孟*泽,男,726,普外疝儿外科,择期,右,|,单侧腹股沟斜疝(K40.900x003),右,腹腔镜下单侧腹股沟斜疝疝囊高位结扎术,53.0204,,汤劲松,会诊麻醉,A5,2022/4/15 10:00,第一手术部,三级,1,0.5-小时
2376198,ZY010001051017,1051017,住院,缪*燕,女,32,耳鼻咽喉头颈外科,择期,右,耳部|,慢性化脓性中耳炎胆脂瘤型(H71.x01),右,内镜下人工听骨链重建术,19.3x00x002,,关兵,全麻,A1,2022/4/15 8:00,第一手术部,四级,2,4-小时
2376198,ZY010001051017,1051017,住院,缪*燕,女,32,耳鼻咽喉头颈外科,择期,右,耳部|,慢性化脓性中耳炎胆脂瘤型(H71.x01),右,鼓室成形术，III型,19.53,,关兵,全麻,A1,2022/4/15 8:00,第一手术部,四级,2,4-小时
2376222,ZY010001052024,1052024,住院,穆*芋,女,1760,耳鼻咽喉头颈外科,择期,双,耳部|,腺样体肥大(J35.200),双侧,内镜下鼓膜置管术,20.0100x006,,马伟,全麻,B2,2022/4/15 8:00,第一手术部,三级,2,1.5-小时
2376222,ZY010001052024,1052024,住院,穆*芋,女,1760,耳鼻咽喉头颈外科,择期,双,耳部|,腺样体肥大(J35.200),双侧,鼻内镜下腺样体等离子切除术,28.6x00x006,,马伟,全麻,B2,2022/4/15 8:00,第一手术部,三级,2,1.5-小时
2375857,ZY010001050315,1050315,住院,倪*宽,男,37,骨科关节,择期,右,膝部|,双侧膝关节骨性关节病(M17.900x003),右侧,全部膝关节置换,81.54,,颜连启,会诊麻醉,A1,2022/4/15 8:00,第一手术部,四级,1,2-小时
2375955,ZY010001050282,1050282,住院,聂*义,男,7,口腔科,择期,无,口腔|,上颌骨囊肿(K09.204),,上颌骨病损切除术,76.2x02,,邱建平,全麻,A1,2022/4/15 8:00,第一手术部,二级,2,1-小时
2376016,ZY010001050570,1050570,住院,牛*华,女,25,妇科,择期,无,腹部|,盆腔肿瘤(D48.716),,开腹探查术,54.11,（备卵巢肿瘤细胞减灭术，备肝脏病灶切除术）,尹香花,会诊麻醉,A2,2022/4/15 11:00,第一手术部,二级,2,3-小时
2375863,ZY010001052307,1052307,住院,牛*兰,女,36,运动医学科,择期,左,上臂|,肩撞击综合征(M75.400),左,肩关节镜下肩袖修补术,81.8300x008,,费文勇,会诊麻醉,A3,2022/4/15 10:00,日间手术室,四级,1,2-小时
2375815,ZY010001053184,1053184,住院,濮*,女,1030,泌尿外科,择期,左,|,肾积水伴输尿管结石(N13.202),,经尿道输尿管镜输尿管激光碎石术,56.0x00x005,,丁雪飞,全麻,A1,2022/4/15 8:00,第一手术部,三级,0,1-小时
2376017,ZY010001051824,1051824,住院,乔*萍,女,59,骨科创伤,择期,右,小腿部|,慢性骨髓炎(M86.608),右胫骨,骨空隙骨水泥填充术,84.5501,,胡乐,会诊麻醉,A1,2022/4/15 8:00,第二手术部,三级,1,1-小时
2375755,ZY010001051360,1051360,住院,乔*珠,女,98,胸外科,择期,左,胸部|,孤立性肺结节(R91.x00x011),,胸腔镜肺叶节段切除术,32.3,,金卫国,全麻,D1,2022/4/15 8:00,第一手术部,四级,1,2-小时
2375957,ZY010001052840,1052840,住院,秦*霞,女,39,骨科脊柱,择期,无,腰部|,腰椎间盘突出伴坐骨神经痛(M51.100x003),,腰椎后柱融合术，后入路,81.0701,,陶玉平,会诊麻醉,B1,2022/4/15 11:00,第一手术部,四级,1,2-小时
2376020,ZY010001052685,1052685,住院,秦*香,女,39,胆胰外科,择期,右,腹部|,胆囊结石伴有急性胆囊炎(K80.000),,腹腔镜下胆囊切除术,51.23,,钱建军,全麻,A3,2022/4/15 8:00,第一手术部,三级,2,1-小时
2376004,ZY010001051025,1051025,住院,邵*,女,21,骨科关节,择期,左,髋部|,股骨头无菌性坏死(M87.002),左侧,股骨钻孔减压术,77.1500x006,,颜连启,会诊麻醉,A6,2022/4/15 8:00,第一手术部,二级,1,2-小时
2376004,ZY010001051025,1051025,住院,邵*,女,21,骨科关节,择期,左,髋部|,股骨头无菌性坏死(M87.002),左侧,股骨病损切除术,77.6501,,颜连启,会诊麻醉,A6,2022/4/15 8:00,第一手术部,二级,1,2-小时
2375860,ZY010001052911,1052911,住院,沈*兵,男,42,骨科脊柱,择期,无,颈部|,颈椎间盘突出(M50.201),,颈椎前路椎管减压术,03.0900x005,,王永祥,会诊麻醉,A1,2022/4/15 8:00,第一手术部,四级,1,2-小时
2375878,ZY010001050443,1050443,住院,盛*凤,女,5,骨科脊柱,择期,无,胸部|,胸椎骨折(S22.000),,椎骨穿刺活组织检查,78.8900x002,,杨建东,会诊麻醉,A3,2022/4/15 8:00,第一手术部,二级,1,1-小时
2376258,ZY010001050666,1050666,住院,石*,女,1758,耳鼻咽喉头颈外科,临时,左,咽部|,咽部肿物(J39.219),左,支撑喉镜下咽部病损切除术,29.3905,,焦成,全麻,C3,2022/4/15 8:00,日间手术室,三级,2,1-小时
2376258,ZY010001050666,1050666,住院,石*,女,1758,耳鼻咽喉头颈外科,临时,左,咽部|,咽部肿物(J39.219),左,内镜下声带病损切除术,30.0905,,焦成,全麻,C3,2022/4/15 8:00,日间手术室,三级,2,1-小时
2375820,ZY010001051310,1051310,住院,宋*金,男,51,胆胰内科,择期,右,腹部|,急性胰腺炎(K85.900),,内镜下十二指肠乳头肌切开术(EST),51.8503,,邓登豪,静脉麻醉,A5,2022/4/15 14:00,内镜手术室,三级,1,0.5-小时
2376000,ZY010001052432,1052432,住院,苏*兰,女,47,骨科关节,择期,右,膝部|,双侧膝关节骨性关节病(M17.900x003),右侧,全部膝关节置换,81.54,,颜连启,会诊麻醉,A2,2022/4/15 10:30,第一手术部,四级,1,2-小时
2375975,ZY010001050238,1050238,住院,孙*,男,5,口腔科,择期,左,口腔|,颌骨肿物(K10.901),左侧,下颌骨病损切除术,76.2x01,,邱建平,全麻,A3,2022/4/15 8:00,第一手术部,四级,2,2.5-小时
2375975,ZY010001050238,1050238,住院,孙*,男,5,口腔科,择期,左,口腔|,颌骨肿物(K10.901),左侧,下颌骨重建术,76.4300x003,,邱建平,全麻,A3,2022/4/15 8:00,第一手术部,四级,2,2.5-小时
2375752,ZY010001052100,1052100,住院,孙*广,男,45,胃肠中心209,择期,无,口腔|,食管粘膜不典型增生(K22.800x024),,内镜食管黏膜下剥离术,42.3305,,陈磊,全麻,D4,2022/4/15 8:00,内镜手术室,四级,0,1-小时
2375916,ZY010001052416,1052416,住院,孙*香,女,26,运动医学科,择期,左,膝部|,膝关节前十字韧带损伤(S83.500x012),左,胫骨内固定装置去除术,78.6701,#NAME?,费文勇,会诊麻醉,A5,2022/4/15 13:00,日间手术室,二级,1,2-小时
2376035,ZY010001052495,1052495,住院,唐*芳,女,1868,胆胰外科,择期,右,腹部|,胆囊结石伴有急性胆囊炎(K80.000),,腹腔镜下胆囊切除术,51.23,,钱建军,全麻,A4,2022/4/15 8:00,第一手术部,三级,2,1-小时
2376013,ZY010001050725,1050725,住院,滕*艳,女,10,妇科,择期,无,腹部|,子宫腺肌瘤(D26.100x002),,经腹全子宫切除术,68.4901,#NAME?,顾建娟,全麻,C1,2022/4/15 8:00,第一手术部,四级,2,1.5-小时
2375837,ZY010001051848,1051848,住院,滕*宇,男,1,泌尿外科,择期,左,|,前列腺增生(N40.x00),,经尿道前列腺切除术（TURP）,60.2902,#NAME?,王业华,全麻,A1,2022/4/15 8:00,第一手术部,三级,1,2-小时
2376008,ZY010001035571,1035571,住院,田*惠,女,49,骨科手足,择期,右,腹部|,手套撕脱伤(S61.902),右手 ,带蒂皮瓣断蒂术,86.7101,,张乃臣,全麻,A3,2022/4/15 10:00,第二手术部,三级,2,1-小时
2375915,ZY010001051212,1051212,住院,田*江,男,31,肾脏内科,择期,左,前臂|,慢性肾衰竭(N18.900),左上肢,为肾透析的动静脉造瘘术,39.2700x001,,牟洪宾,局麻+心电监护,A4,2022/4/15 8:00,第一手术部,三级,1,2-小时
2375927,ZY010001052578,1052578,住院,田*美,女,1039,运动医学科,择期,右,膝部|,半月板损伤(M23.308),右,膝关节镜下半月板成形术,81.4700x005,,卢耀甲,会诊麻醉,C2,2022/4/15 9:00,日间手术室,四级,1,2-小时
2375742,ZY010001049357,1049357,住院,田*新,男,17,胸外科,择期,右,胸部|,孤立性肺结节(R91.x00x011),右下,胸腔镜下肺病损切除术,32.2003,,陆世春,全麻,B3,2022/4/15 12:00,第一手术部,四级,2,2-小时
2375868,ZY010001051524,1051524,住院,屠*岭,男,61,骨科脊柱,择期,无,腰部|,腰椎间盘突出(M51.202),,腰椎后柱融合术，后入路,81.0701,,王永祥,会诊麻醉,A2,2022/4/15 8:00,第一手术部,四级,1,2-小时
2375925,ZY010001052330,1052330,住院,王*,女,9,胆胰内科,择期,无,|,胆管狭窄(K83.105),,内镜下胆管支架置入术,51.8700x003,,邓登豪,静脉麻醉,D7,2022/4/15 14:00,内镜手术室,四级,0,1-小时
2376015,ZY010001052651,1052651,住院,王*芳,女,加6,妇科,择期,无,腹部|,宫颈恶性肿瘤(C53.900),,子宫广泛性切除术,68.6900x001,#NAME?,尹香花,会诊麻醉,A1,2022/4/15 8:00,第一手术部,四级,2,3-小时
2376116,ZY010001052734,1052734,住院,王*芳,女,1893,骨科关节,择期,右,膝部|,膝关节肿物(M25.900x061),右侧,膝关节病损切除术,80.8601,,颜连启,会诊麻醉,A4,2022/4/15 15:00,第一手术部,三级,1,1-小时
2376011,ZY010001051761,1051761,住院,王*华,男,922,骨科创伤,择期,右,大腿部|,取出内固定装置(Z47.000x002),右,股骨内固定装置去除术,78.6501,,胡乐,会诊麻醉,A2,2022/4/15 8:00,第二手术部,二级,1,1-小时
2376261,ZY010001052000,1052000,住院,王*兰,女,1254,耳鼻咽喉头颈外科,临时,无,咽部|,会厌囊肿(J38.715),,支撑喉镜下咽部病损切除术,29.3905,,关兵,全麻,A4,2022/4/15 8:00,第一手术部,三级,2,1-小时
2376261,ZY010001052000,1052000,住院,王*兰,女,1254,耳鼻咽喉头颈外科,临时,无,咽部|,会厌囊肿(J38.715),,支撑喉镜下会厌病损等离子切除术,30.0900x042,,关兵,全麻,A4,2022/4/15 8:00,第一手术部,三级,2,1-小时
2376002,ZY010001052297,1052297,住院,王*文,男,3,胃肠中心309,择期,无,腹部|,腹痛(R10.402),,胃病损切除术,43.4202,,赵伟,全麻,A3,2022/4/15 16:00,第一手术部,三级,2,3-小时
2375922,ZY010001052113,1052113,住院,王*喜,男,30,胃肠中心209,择期,无,|,食管良性肿瘤(D13.000),,内镜食管黏膜下剥离术,42.3305,,朱海杭,全麻,A1,2022/4/15 8:00,内镜手术室,四级,0,1-小时
2375741,ZY010001049657,1049657,住院,王*珍,女,26,胸外科,择期,右,胸部|,食管中上段恶性肿瘤(C15.801),全腔镜,颈胸腹三切口食管部分切除术,42.4102,,石维平,全麻,A3,2022/4/15 11:00,第一手术部,四级,2,4-小时
2376018,ZY010001053146,1053146,住院,王*洲,男,57,胃肠中心109,择期,无,腹部|,贲门肿瘤(D37.103),,根治性胃切除术,43.9900x004,,赵伟,全麻,A2,2022/4/15 11:00,第一手术部,四级,2,3-小时
2375835,ZY010001052598,1052598,住院,翁*梅,女,9,骨科脊柱,择期,无,胸部|,脊柱骨折(T08.x00),,经皮椎体增强,81.66,,冯新民,会诊麻醉,A1,2022/4/15 8:00,第一手术部,四级,1,1-小时
2376197,ZY010001051925,1051925,住院,吴*芳,女,D12,产科,择期,无,腹部|,妊娠状态(Z33.x00x001),,剖宫产术，子宫下段横切口,74.1x01,,孔祥,腰麻,A1,2022/4/15 8:00,第一手术部,二级,2,2-小时
2375744,ZY010001048988,1048988,住院,吴*飞,男,53,胸外科,择期,右,胸部|,孤立性肺结节(R91.x00x011),右上,胸腔镜下肺病损切除术,32.2003,,孙超,全麻,C1,2022/4/15 8:00,第一手术部,四级,2,2-小时
2375847,ZY010001050001,1050001,住院,吴*山,男,29,胃肠中心209,择期,无,|,胃粘膜病变(K31.900x012),,内镜下胃黏膜下剥离术[ESD],43.4107,,陈磊,全麻,D8,2022/4/15 8:00,内镜手术室,四级,0,0.5-小时
2375879,ZY010001049683,1049683,住院,吴*英,女,65,心脏大血管病中心,择期,无,胸部|,主动脉夹层A型(I71.000x011),,主动脉覆膜支架腔内隔绝术,39.7300x003,#NAME?,唐程斌,全麻,A4,2022/4/15 10:00,介入诊疗中心,四级,1,5-小时
2375865,ZY010001049683,1049683,住院,吴*英,女,65,心脏大血管病中心,择期,无,胸部|,主动脉夹层A型(I71.000x011),,主动脉覆膜支架腔内隔绝术,39.7300x003,#NAME?,唐程斌,全麻,A2,2022/4/15 10:00,第二手术部,四级,1,5-小时
2376077,ZY010001050825,1050825,住院,夏*芳,女,1882,妇科,择期,无,|,宫腔占位(R93.800x006),,宫腔镜诊断性刮宫术,69.0902,,顾建娟,静脉麻醉,C2,2022/4/15 8:00,第一手术部,三级,0,0.5-小时
2376199,ZY010001048095,1048095,住院,夏*凯,男,1857,耳鼻咽喉头颈外科,择期,右,鼻部|,慢性鼻窦炎(J32.900),右,内镜下鼻窦病损切除术,22.6002,,关兵,全麻,A2,2022/4/15 8:00,第一手术部,四级,2,2-小时
2375880,ZY010001051527,1051527,住院,夏*山,男,2,骨科脊柱,择期,双,胸部|,胸椎骨折(S22.000),,经皮椎体增强,81.66,,冯新民,会诊麻醉,A2,2022/4/15 10:00,第一手术部,四级,1,1-小时
2376237,ZY010001051689,1051689,住院,肖*骏,男,451,耳鼻咽喉头颈外科,临时,无,咽部|,咽部肿物(J39.219),,支撑喉镜下咽部病损切除术,29.3905,,焦成,全麻,C2,2022/4/15 8:00,日间手术室,三级,2,1-小时
2376265,ZY010001051971,1051971,住院,肖*兰,女,1047,普外甲乳外科,临时,无,颈部|,甲状腺结节(E04.101),,单侧甲状腺切除伴甲状腺峡部切除术,06.2x02,备甲状腺全部切除术,符德元,全麻,A2,2022/4/15 8:00,第一手术部,四级,1,2-小时
2375996,ZY010001050042,1050042,住院,谢*华,男,30,胃肠中心309,择期,无,腹部|,回肠造口状态(Z93.200),,回肠造口闭合术,46.5101,,赵伟,全麻,A1,2022/4/15 8:00,第一手术部,二级,2,2-小时
2375918,ZY010001052581,1052581,住院,邢*程,男,1582,普外疝儿外科,择期,左,|,单侧腹股沟疝(K40.900x002),左,腹腔镜下单侧腹股沟斜疝疝囊高位结扎术,53.0204,,汤劲松,全麻,A3,2022/4/15 9:00,第一手术部,三级,1,0.5-小时
2375828,ZY010001049829,1049829,住院,徐*,男,26,创伤中心2,择期,左,眼部|,多处损伤(T07.x00),左眼,眶骨骨折切开复位内固定术,76.7903,,王健,全麻,D8,2022/4/15 8:00,日间手术室,四级,2,1-小时
2375920,ZY010001052506,1052506,住院,徐*琛,男,1756,普外疝儿外科,择期,左,|,单侧腹股沟疝(K40.900x002),左,腹腔镜下单侧腹股沟斜疝疝囊高位结扎术,53.0204,,汤劲松,全麻,A4,2022/4/15 9:30,第一手术部,三级,1,0.5-小时
2376005,ZY010001044880,1044880,住院,徐*凤,女,53,骨科手足,择期,左,腕部|,腕管综合征(G56.000),左腕,正中神经松解术,4.4907,,张乃臣,臂丛麻醉,A2,2022/4/15 9:00,第二手术部,三级,1,1-小时
2376355,ZY010001052534,1052534,住院,徐*兰,女,8,普外甲乳外科,临时,右,胸部|,乳房结节(N63.x01),右,乳腺局部扩大切除术,85.2300x001,备右单侧乳腺改良根治术,符德元,全麻,A8,2022/4/15 8:00,第一手术部,三级,1,2.5-小时
2375917,ZY010001052228,1052228,住院,徐*梅,女,13,普外疝儿外科,择期,无,腹部|,腹壁切口疝(K43.901),,腹腔镜下腹壁疝无张力修补术,53.6302,,汤劲松,会诊麻醉,A7,2022/4/15 11:00,第一手术部,四级,1,2-小时
2375846,ZY010001051747,1051747,住院,徐*新,男,632,胃肠中心109,择期,无,腹部|,胃恶性肿瘤(C16.900),根治性,腹腔镜下胃切除术,43.9900x003,,王道荣,全麻,A1,2022/4/15 8:00,第一手术部,四级,2,2-小时
2375803,ZY010001050836,1050836,住院,徐*珍,女,8,泌尿外科,择期,右,|,肾结石(N20.000),右侧,经尿道输尿管镜肾盂激光碎石取石术,56.0x00x012,,杨进,全麻,A1,2022/4/15 8:00,第一手术部,三级,0,2.0-小时
2376217,ZY010001046936,1046936,住院,许*刚,男,57,肝脾外科,临时,右,腹部|,乙肝后肝硬化(K74.600x024),,腹腔镜全脾切除术,41.5x01,,蒋国庆,全麻,A2,2022/4/15 8:00,第一手术部,四级,2,2-小时
2375799,ZY010001049510,1049510,住院,许*星,男,47,普外血管外科,择期,右,颈部|,颈动脉狭窄(I65.200x001),右,颈内动脉成形术,39.5900x006,#NAME?,陈兆雷,全麻,A4,2022/4/15 11:00,第二手术部,四级,1,3-小时
2376315,ZY010001051495,1051495,住院,颜*,男,57,骨科脊柱,临时,无,|,腰椎骨折(S32.000),,腰椎骨折切开复位内固定术,3.5305,,杨建东,全麻,A4,2022/4/15 11:00,第一手术部,四级,1,2-小时
2375834,ZY010001052214,1052214,住院,杨*芳,女,98,骨科脊柱,择期,无,腰部|,腰椎骨折(S32.000),,经皮椎体增强,81.66,,杨建东,会诊麻醉,A1,2022/4/15 8:00,第一手术部,四级,1,1-小时
2375831,ZY010001049729,1049729,住院,杨*普,男,40,心脏大血管病中心,择期,无,股部|,主动脉夹层壁间血肿(I71.005),,胸主动脉覆膜支架腔内隔绝术,39.7303,,唐程斌,全麻,B3,2022/4/15 14:00,介入诊疗中心,四级,1,2-小时
2375829,ZY010001049729,1049729,住院,杨*普,男,40,心脏大血管病中心,择期,无,股部|,主动脉夹层壁间血肿(I71.005),,胸主动脉覆膜支架腔内隔绝术,39.7303,,唐程斌,全麻,A3,2022/4/15 14:00,第二手术部,四级,1,2-小时
2375826,ZY010001050849,1050849,住院,姚*定,男,17,泌尿外科,择期,右,腰部|,肾结石(N20.000),,经尿道输尿管镜肾盂激光碎石术,56.0x00x006,备软镜,王业华,全麻,A2,2022/4/15 8:00,第一手术部,三级,0,2-小时
2376236,ZY010001051853,1051853,住院,殷*兰,女,1034,肝脾外科,临时,右,腹部|,胆囊结石伴慢性胆囊炎(K80.101),,腹腔镜下胆囊切除术,51.23,,蒋国庆,全麻,A4,2022/4/15 8:00,第一手术部,三级,2,2-小时
2376055,ZY010001053196,1053196,住院,余*保,男,68,胃肠中心309,择期,无,腹部|,升结肠肿瘤(D37.403),,右半结肠根治性切除术,45.7302,,赵伟,全麻,B1,2022/4/15 8:00,第一手术部,四级,2,3-小时
2376200,ZY010001051675,1051675,住院,张*,男,1004,泌尿外科,择期,右,|,肾结石(N20.000),右侧,经尿道输尿管镜肾盂激光碎石术,56.0x00x006,备软镜,周广臣,全麻,A2,2022/4/15 8:00,第一手术部,三级,0,2-小时
2375777,ZY010001051261,1051261,住院,张*,女,1890,妇科,择期,无,|,妊娠状态(Z33.x00x001),,终止妊娠刮宫术,69.0101,,黄永生,静脉麻醉,D2,2022/4/15 8:00,第一手术部,一级,0,0.5-小时
2375824,ZY010001048427,1048427,住院,张*,女,738,普外甲乳外科,择期,无,颈部|,甲状腺肿瘤(D44.001),,单侧甲状腺切除伴甲状腺峡部切除术,06.2x02,,邵稳喜,全麻,B3,2022/4/15 8:00,第一手术部,四级,1,1-小时
2375856,ZY010001051579,1051579,住院,张*峰,男,20,泌尿外科,择期,左,|,精索静脉曲张(I86.101),左侧,腹腔镜精索静脉高位结扎术,63.1x03,,王业华,全麻,A4,2022/4/15 8:00,第一手术部,三级,1,1-小时
2374615,ZY010001050441,1050441,住院,张*富,男,545,泌尿外科,择期,无,|,前列腺增生(N40.x00),,超声引导下前列腺穿刺活检,60.1100x002,,俞俊杰,局麻,A1,2022/4/15 8:00,内镜手术室,二级,2,1-小时
2375823,ZY010001049124,1049124,住院,张*桂,男,49,骨科创伤,择期,左,小腿部|,胫腓骨下端骨折(S82.301),左,胫骨骨折切开复位内固定术,79.3601,,陈鹏涛,会诊麻醉,A1,2022/4/15 8:00,第二手术部,三级,1,2-小时
2375823,ZY010001049124,1049124,住院,张*桂,男,49,骨科创伤,择期,左,小腿部|,胫腓骨下端骨折(S82.301),左,腓骨骨折切开复位内固定术,79.3602,,陈鹏涛,会诊麻醉,A1,2022/4/15 8:00,第二手术部,三级,1,2-小时
2375997,ZY010001052623,1052623,住院,张*清,男,28,胃肠中心209,择期,无,口腔|,胃肿瘤(D37.101),,内镜下胃黏膜下剥离术[ESD],43.4107,,陈磊,全麻,A6,2022/4/15 8:00,内镜手术室,四级,0,1-小时
2376155,ZY010001051122,1051122,住院,张*英,女,3,普外血管外科,择期,左,大腿部|,下肢静脉功能不全(I87.201),左,大隐静脉主干激光闭合术,38.5900x003,,陈兆雷,会诊麻醉,A1,2022/4/15 8:00,第二手术部,三级,1,1-小时
2375930,ZY010001051340,1051340,住院,张*云,男,39,口腔科,择期,右,口腔|,牙龈肿物(K06.901),右下牙龈,口腔病损切除术,27.4906,,邱建平,全麻,A2,2022/4/15 8:00,第一手术部,三级,2,1-小时
2375797,ZY010001052602,1052602,住院,赵*,女,45,胆胰内科,择期,右,腹部|,急性胆管炎(K83.001),,内镜下胆管碎石取石术,51.8800x009,,邓登豪,静脉麻醉,A3,2022/4/15 14:00,内镜手术室,四级,1,0.5-小时
2375924,ZY010001052888,1052888,住院,赵*九,男,570,运动医学科,择期,左,膝部|,半月板损伤(M23.308),左,膝关节镜下半月板成形术,81.4700x005,,卢耀甲,会诊麻醉,C1,2022/4/15 8:00,日间手术室,四级,1,2-小时
2376218,ZY010001050662,1050662,住院,赵*美,女,18,耳鼻咽喉头颈外科,择期,右,耳部|,慢性化脓性中耳炎(H66.301),右,"鼓室成形术,I型",19.4x01,,严齐,全麻,A3,2022/4/15 8:00,第一手术部,四级,2,2-小时
2375818,ZY010001052765,1052765,住院,赵*美,女,46,胆胰内科,择期,右,腹部|,胆总管结石伴胆管炎(K80.302),,内镜下胆管碎石取石术,51.8800x009,,邓登豪,静脉麻醉,A4,2022/4/15 14:00,内镜手术室,四级,1,0.5-小时
2376219,ZY010001050668,1050668,住院,赵*云,女,1156,肝脾外科,择期,右,腹部|,胆囊结石伴慢性胆囊炎(K80.101),,腹腔镜下胆囊切除术,51.23,,蒋国庆,全麻,A3,2022/4/15 8:00,第一手术部,三级,2,2-小时
2375869,ZY010001050682,1050682,住院,周*芬,女,88,心内科306,择期,左,腋下|,慢快综合征(I49.500x002),,心脏起搏器置入术,37.8001,,孙磊,局麻+心电监护,B2,2022/4/15 8:00,介入诊疗中心,四级,1,2-小时
2375849,ZY010001047519,1047519,住院,周*宏,男,67,心脏大血管病中心,择期,无,股部|,主动脉夹层B型(I71.000x021),,胸主动脉覆膜支架腔内隔绝术,39.7303,,唐程斌,全麻,C1,2022/4/15 8:00,第二手术部,四级,1,2-小时
2375850,ZY010001047519,1047519,住院,周*宏,男,67,心脏大血管病中心,择期,无,股部|,主动脉夹层B型(I71.000x021),,胸主动脉覆膜支架腔内隔绝术,39.7303,,唐程斌,全麻,D1,2022/4/15 8:00,介入诊疗中心,四级,1,2-小时
2375867,ZY010001052568,1052568,住院,朱*龙,男,660,运动医学科,择期,左,膝部|,膝关节内侧副韧带损伤(S83.400x022),左,关节镜膝关节副韧带修补术,81.4601,,费文勇,会诊麻醉,A4,2022/4/15 11:00,日间手术室,四级,1,2-小时
2375796,ZY010001052323,1052323,住院,朱*明,男,27,胆胰内科,择期,右,腹部|,胆管结石伴有胆管炎(K80.300),,内镜下胆管碎石取石术,51.8800x009,,邓登豪,静脉麻醉,A2,2022/4/15 14:00,内镜手术室,四级,1,0.5-小时
2375919,ZY010001051713,1051713,住院,朱*芝,男,5,神经外科506,择期,左,头部|,蝶骨嵴脑膜瘤(D32.001),,神经导航下颅内病灶切除术,1.5936,,张恒柱,全麻,A1,2022/4/15 8:00,第二手术部,四级,1,4-小时
2375929,ZY010001052538,1052538,住院,祝*,男,1030,运动医学科,择期,右,膝部|,半月板损伤(M23.308),右,膝关节镜下半月板成形术,81.4700x005,,卢耀甲,会诊麻醉,C3,2022/4/15 10:00,日间手术室,四级,1,2-小时
