﻿申请号,住院流水号,住院号,类别,姓名,性别,床号,申请科室,手术类别,部位,部位名称,诊断,手术前缀,手术名称,手术编码3.0,手术后缀,手术者,麻醉方式,台序,拟手术日期,手术室,手术级别,切口类型,预估手术时长
2374295,ZY010001051688,1051688,住院,戚*文,男,88,眼科,临时,右,眼部|,玻璃体积血(H43.100),右眼,后入路玻璃体切割术,14.7401,,叶东升,局麻+心电监护,B2,2022/4/13 8:00,日间手术室,四级,1,1.0-小时
2373658,ZY010001049826,1049826,住院,王*里,男,90,创伤中心2,择期,左,上臂|,脑挫伤(S06.202),左,肱骨骨折切开复位内固定术,79.3101,,王骅,会诊麻醉,A2,2022/4/13 8:00,第二手术部,四级,1,2-小时
2373694,ZY010001044631,1044631,住院,王*梅,女,787,普外血管外科,择期,左,大腿部|,下肢静脉功能不全(I87.201),左,大隐静脉主干激光闭合术,38.5900x003,,陈兆雷,会诊麻醉,A6,2022/4/13 8:00,第二手术部,三级,1,1-小时
2373776,ZY010001051245,1051245,住院,陈*兰,女,1250,普外甲乳外科,择期,左,胸部|,乳房肿块(N63.x00),左,乳腺局部扩大切除术,85.2300x001,,祝玉祥,局麻,A3,2022/4/13 8:00,日间手术室,三级,1,1-小时
2373836,ZY010001051001,1051001,住院,王*明,男,19,运动医学科,择期,右,上臂|,肩袖损伤(S46.002),右,肩关节镜下肩袖修补术,81.8300x008,,费文勇,会诊麻醉,A1,2022/4/13 8:00,日间手术室,四级,1,2-小时
2373671,ZY010001050259,1050259,住院,乔*鸾,女,27,泌尿外科,择期,左,|,输尿管肿瘤(D41.201),左侧,输尿管镜检查,56.31,备双J管置入，活检，半尿路,周广臣,会诊麻醉,A1,2022/4/13 8:00,第一手术部,二级,0,4-小时
2373815,ZY010001050420,1050420,住院,周*才,男,13,胃肠中心309,择期,无,腹部|,直肠恶性肿瘤个人史(Z85.007),,小肠造口还纳术,46.5100x006,,王道荣,全麻,A1,2022/4/13 8:00,第一手术部,二级,3,1-小时
2373674,ZY010001051645,1051645,住院,刘*保,男,52,骨科脊柱,择期,无,腰部|,腰椎压缩性骨折(S32.000x002),,腰椎骨折切开复位内固定术,3.5305,,冯新民,会诊麻醉,A1,2022/4/13 8:00,第一手术部,四级,1,2-小时
2373777,ZY010001049804,1049804,住院,张*生,男,966,骨科脊柱,择期,无,腰部|,腰椎骨折(S32.000),,椎骨成形术,78.4904,,冯新民,会诊麻醉,A2,2022/4/13 8:00,第一手术部,四级,1,1-小时
2374009,ZY010001050561,1050561,住院,胡*芳,女,1357,耳鼻咽喉头颈外科,择期,无,咽部|,咽部肿物(J39.219),等离子,咽部病损切除术,29.3901,,于爱民,全麻,B3,2022/4/13 8:00,第一手术部,三级,2,1-小时
2374004,ZY010001051706,1051706,住院,田*妹,女,31,耳鼻咽喉头颈外科,择期,左,鼻部|,慢性鼻窦炎(J32.900),左侧,内镜下鼻窦病损切除术,22.6002,（备鼻中隔矫正）,于爱民,全麻,A2,2022/4/13 8:00,第一手术部,四级,2,2-小时
2373941,ZY010001050919,1050919,住院,缪*明,男,1903,肝脾外科,择期,右,|,胆囊结石伴慢性胆囊炎(K80.101),,腹腔镜下胆囊切除术,51.23,,丁向民,全麻,A1,2022/4/13 8:00,第一手术部,三级,2,1-小时
2373942,ZY010001051026,1051026,住院,费*华,男,99,胃肠中心109,择期,无,腹部|,胃肿瘤(D37.101),,根治性胃切除术,43.9900x004,,陈平,全麻,A1,2022/4/13 8:00,第一手术部,四级,2,3-小时
2373665,ZY010001051954,1051954,住院,褚*勇,男,50,创伤中心2,择期,右,上臂|,肱骨骨折(S42.301),右,肱骨骨折切开复位钢板内固定术,79.3100x005,,王骅,会诊麻醉,A4,2022/4/13 8:00,第二手术部,四级,1,2-小时
2373617,ZY010001046767,1046767,住院,陈*香,女,2116,普外甲乳外科,择期,无,颈部|,甲状腺结节(E04.101),,甲状腺大部切除术,6.3901,,何春兰,全麻,A1,2022/4/13 8:00,第一手术部,三级,1,2-小时
2373621,ZY010001050623,1050623,住院,王*国,男,2147,普外甲乳外科,择期,无,颈部|,甲状腺肿瘤(D44.001),,单侧甲状腺切除伴甲状腺峡部切除术,06.2x02,备甲状腺全部切除术,符德元,全麻,A1,2022/4/13 8:00,第一手术部,四级,1,1-小时
2373669,ZY010001051005,1051005,住院,蒋*林,男,48,泌尿外科,择期,左,|,肾盂结石(N20.000x001),左侧,经尿道输尿管镜肾盂激光碎石术,56.0x00x006,,姚浩,全麻,A1,2022/4/13 8:00,第一手术部,三级,0,2.5-小时
2373698,ZY010001051371,1051371,住院,李*定,男,32,胃肠中心309,择期,无,腹部|,乙状结肠恶性肿瘤(C18.700),机器人援助操作,腹腔镜乙状结肠切除术,17.36,,王道荣,全麻,B1,2022/4/13 8:00,第一手术部,四级,2,2-小时
2374008,ZY010001050627,1050627,住院,王*芬,女,3066,耳鼻咽喉头颈外科,择期,无,咽部|,咽部囊肿(J39.215),,支撑喉镜下咽部病损切除术,29.3905,,于爱民,全麻,B2,2022/4/13 8:00,第一手术部,三级,2,1-小时
2373997,ZY010001051075,1051075,住院,唐*智,男,3055,肝脾外科,择期,右,|,胆囊结石伴慢性胆囊炎(K80.101),,腹腔镜下胆囊切除术,51.23,,丁向民,全麻,A3,2022/4/13 8:00,第一手术部,三级,2,1-小时
2373896,ZY010001050570,1050570,住院,牛*华,女,加6,妇科,择期,无,腹部|,盆腔肿物(R19.002),,开腹探查术,54.11,（备卵巢肿瘤细胞减灭术）,尹香花,会诊麻醉,A1,2022/4/13 8:00,第一手术部,二级,2,3-小时
2373670,ZY010001051277,1051277,住院,高*凤,女,35,泌尿外科,择期,左,|,肾肿瘤(D41.001),左侧,腹腔镜下单侧肾切除术,55.5103,,王业华,全麻,A1,2022/4/13 8:00,第一手术部,四级,2,2-小时
2373618,ZY010001047140,1047140,住院,王*,女,3059,普外甲乳外科,择期,无,颈部|,甲状腺肿瘤(D44.001),,甲状腺大部切除术,6.3901,,何春兰,全麻,A2,2022/4/13 8:00,第一手术部,三级,1,2-小时
2373779,ZY010001051114,1051114,住院,尹*,男,1245,泌尿外科,择期,无,|,包皮过长(N47.x01),,包皮环切术,64.0x00,,俞俊杰,局麻,A3,2022/4/13 8:00,第一手术部,一级,2,1-小时
2373798,ZY010001050901,1050901,住院,马*兰,女,3063,普外甲乳外科,择期,左,腋下|,腋下淋巴结肿大(R59.008),左,腋淋巴结切除术,40.23,,祝玉祥,局麻,C5,2022/4/13 8:00,日间手术室,二级,1,0.5-小时
2374005,ZY010001051941,1051941,住院,马*兰,女,17,骨科关节,择期,左,髋部|,股骨颈骨折(S72.000),左侧,人工股骨头置换术,81.5201,#NAME?,颜连启,会诊麻醉,A3,2022/4/13 8:00,第一手术部,四级,1,2-小时
2374395,ZY010001051818,1051818,住院,孙*成,男,2132,泌尿外科,临时,无,|,前列腺恶性肿瘤(C61.x00),,经会阴前列腺穿剌活检术,60.1100x003,,栾阳,局麻,A1,2022/4/13 8:00,内镜手术室,二级,0,2-小时
2373718,ZY010001046548,1046548,住院,宗*平,女,543,普外甲乳外科,择期,右,胸部|,乳房肿块(N63.x00),右,乳腺局部扩大切除术,85.2300x001,,邵稳喜,局麻,A1,2022/4/13 8:00,急诊手术室,三级,1,1-小时
2373835,ZY010001050622,1050622,住院,孙*东,男,399,神经外科506,择期,左,头部|,手术后颅骨缺失(Z90.000x003),,颅骨修补术,02.0600x003,,张恒柱,全麻,B1,2022/4/13 8:00,第二手术部,二级,1,2-小时
2374136,ZY010001051404,1051404,住院,聂*妹,女,2119,骨科脊柱,择期,无,|,胸椎骨折(S22.000),,经皮椎体增强,81.66,,杨建东,全麻,A2,2022/4/13 8:00,第一手术部,四级,1,1-小时
2374003,ZY010001051505,1051505,住院,朱*堂,男,7,骨科手足,择期,左,小腿部|,下肢皮肤缺损(Z89.800x003),左小腿,带蒂皮瓣移植术,86.7400x026,,张乃臣,腰麻,A1,2022/4/13 8:00,第二手术部,四级,2,1-小时
2373660,ZY010001050794,1050794,住院,姜*宝,男,22,普外血管外科,择期,右,颈部|,多发性脑梗死(I63.905),右,颈动脉内膜切除伴补片修补术,38.1202,,陈兆雷,全麻,A1,2022/4/13 8:00,第二手术部,四级,1,1-小时
2373660,ZY010001050794,1050794,住院,姜*宝,男,22,普外血管外科,择期,右,颈部|,多发性脑梗死(I63.905),右,颈内动脉成形术,39.5900x006,,陈兆雷,全麻,A1,2022/4/13 8:00,第二手术部,四级,1,1-小时
2373780,ZY010001052248,1052248,住院,达*,女,591,普外甲乳外科,择期,右,胸部|,乳房结节(N63.x01),右,乳腺局部扩大切除术,85.2300x001,,祝玉祥,局麻,A1,2022/4/13 8:00,日间手术室,三级,1,1-小时
2373878,ZY010001051914,1051914,住院,徐*福,男,3,骨科关节,择期,左,髋部|,股骨颈骨折(S72.000),左侧,全髋关节置换,81.51,,颜连启,会诊麻醉,A1,2022/4/13 8:00,第一手术部,四级,1,1.5-小时
2373940,ZY010001047931,1047931,住院,杭*丰,男,25,胃肠中心309,择期,无,腹部|,结肠恶性肿瘤(C18.900),,结肠部分切除术,45.7901,,陈平,全麻,B1,2022/4/13 8:00,第一手术部,四级,2,5-小时
2373879,ZY010001048726,1048726,住院,许*明,男,26,胆胰外科,择期,右,腹部|,十二指肠肿瘤(D37.203),,根治性胰十二指肠切除术,52.7x00,,钱建军,全麻,A1,2022/4/13 8:00,第一手术部,四级,2,4-小时
2373641,ZY010001050365,1050365,住院,田*秀,女,45,骨科创伤,择期,无,髋部|,多处损伤(T07.x00),,骨盆骨折切开复位钢板内固定术,79.3900x043,,陈鹏涛,会诊麻醉,A1,2022/4/13 8:00,第二手术部,四级,1,2-小时
2374017,ZY010001051064,1051064,住院,王*艳,女,491,肝脾外科,择期,右,|,胆囊结石伴慢性胆囊炎(K80.101),,腹腔镜下胆囊切除术,51.23,,丁向民,全麻,A2,2022/4/13 8:00,第一手术部,三级,2,1-小时
2374035,ZY010001050207,1050207,住院,朱*凤,女,35,耳鼻咽喉头颈外科,择期,双,咽部|,声带息肉(J38.102),双侧,内镜下声带病损切除术,30.0905,,于爱民,全麻,A3,2022/4/13 8:00,第一手术部,三级,2,1-小时
2373583,ZY010001046775,1046775,住院,朱*华,女,63,胸外科,择期,右,胸部|,孤立性肺结节(R91.x00x011),右中,胸腔镜下肺叶切除术,32.41,,贺建胜,全麻,B1,2022/4/13 8:00,第一手术部,四级,2,2-小时
2373645,ZY010001048096,1048096,住院,杨*,男,21,心脏大血管病中心,择期,无,胸部|,不稳定型心绞痛(I20.000),,主动脉-冠状动脉搭桥术,36.1000x001,,唐程斌,全麻,B1,2022/4/13 8:00,心脏大血管病中心手术室,四级,1,5-小时
2374015,ZY010001049908,1049908,住院,翟*凤,女,23,妇科,择期,无,|,盆腔囊肿(N94.807),,腹腔镜双侧卵巢和输卵管切除术,65.63,,顾建娟,全麻,C1,2022/4/13 8:00,第一手术部,三级,2,1-小时
2373761,ZY010001051010,1051010,住院,钟*美,女,1120,普外甲乳外科,择期,左,胸部|,乳房结节(N63.x01),左,乳腺局部扩大切除术,85.2300x001,,祝玉祥,局麻,A5,2022/4/13 8:00,日间手术室,三级,1,1-小时
2373979,ZY010001049802,1049802,住院,朱*凤,女,49,骨科脊柱,择期,双,腰部|,腰椎滑脱(M43.006), ,腰椎椎体间融合术，后入路,81.0801,,冯新民,会诊麻醉,A3,2022/4/13 8:00,第一手术部,四级,1,2-小时
2373676,ZY010001049615,1049615,住院,郭*春,男,21,普外疝儿外科,择期,右,|,单侧腹股沟疝(K40.900x002),右,单侧腹股沟疝修补术,53.0001,,汤劲松,全麻,A1,2022/4/13 8:00,第一手术部,二级,1,1-小时
2373686,ZY010001051500,1051500,住院,吴*强,男,55,胃肠中心109,择期,无,腹部|,直肠恶性肿瘤(C20.x00),,腹腔镜下直肠根治术,48.6900x002,,乔唐,全麻,A1,2022/4/13 8:00,第一手术部,四级,2,2-小时
2373764,ZY010001050961,1050961,住院,刘*林,男,1514,泌尿外科,择期,左,|,睾丸鞘膜积液(N43.301),,睾丸鞘膜翻转术,61.4904,,俞俊杰,会诊麻醉,A2,2022/4/13 8:00,第一手术部,一级,2,1-小时
2374055,ZY010001051801,1051801,住院,韩*龙,男,541,耳鼻咽喉头颈外科,择期,双,咽部|,阻塞性睡眠呼吸暂停低通气综合征(G47.300x037),双侧扁桃体等离子切除术+,腭咽成形术,27.6902,,于爱民,全麻,A4,2022/4/13 8:00,第一手术部,四级,2,2-小时
2373678,ZY010001048671,1048671,住院,韩*,女,32,泌尿外科,择期,左,|,单纯性肾囊肿(N28.101),左侧,腹腔镜下肾囊肿去顶术,55.0106,,周广臣,全麻,A2,2022/4/13 8:00,第一手术部,三级,1,3-小时
2374019,ZY010001049736,1049736,住院,张*英,女,31,骨科脊柱,择期,无,腰部|,腰椎椎管狭窄(M48.005),,腰椎后柱融合术，后入路,81.0701,,冯新民,会诊麻醉,A4,2022/4/13 8:00,第一手术部,四级,1,1-小时
2373885,ZY010001050828,1050828,住院,徐*志,男,3090,眼科,择期,右,眼部|,糖尿病性白内障(E14.300x061+H28.0*),右眼,白内障超声乳化抽吸术,13.4100x001,#NAME?,赵明,局麻+心电监护,C2,2022/4/13 8:00,日间手术室,三级,1,0.5-小时
2373763,ZY010001051219,1051219,住院,韩*泽,男,1039,创伤中心2,择期,左,上臂|,取出内固定装置(Z47.000x002),左,肱骨内固定装置去除术,78.6201,,王骅,会诊麻醉,B1,2022/4/13 8:00,第二手术部,二级,1,1-小时
2373800,ZY010001051597,1051597,住院,朱*屏,女,61,骨科手足,择期,右,腕部|,桡骨下端骨折(S52.500),右,桡骨骨折切开复位内固定术,79.3201,,刘宏君,臂丛麻醉,A1,2022/4/13 8:00,第二手术部,四级,1,2-小时
2374121,ZY010001050772,1050772,住院,孙*英,女,35,普外甲乳外科,临时,右,胸部|,乳房肿块(N63.x00),右,乳腺局部扩大切除术,85.2300x001,备右单侧保乳乳腺根治术,符德元,全麻,C8,2022/4/13 8:00,第一手术部,三级,1,2-小时
2373688,ZY010001047807,1047807,住院,王*萍,女,513,泌尿外科,择期,无,|,膀胱肿瘤(D41.401),,经尿道膀胱病损电切术,57.4900x001,,周广臣,全麻,A3,2022/4/13 8:00,第一手术部,四级,2,2-小时
2373760,ZY010001051148,1051148,住院,徐*英,女,1030,普外甲乳外科,择期,左,胸部|,乳房结节(N63.x01),左,乳腺局部扩大切除术,85.2300x001,,祝玉祥,局麻,A4,2022/4/13 8:00,日间手术室,三级,1,1-小时
2374095,ZY010001051571,1051571,住院,凌*程,男,1349,耳鼻咽喉头颈外科,择期,双,耳部|,先天性耳前瘘管(Q18.102),双侧,耳前病损切除术,18.2101,,于爱民,全麻,B1,2022/4/13 8:00,第一手术部,二级,2,2-小时
2373756,ZY010001051316,1051316,住院,曹*林,男,56,泌尿外科,择期,无,|,尿潴留(R33.x00),,膀胱镜下尿道狭窄切开术,58.0x00x004,,王业华,会诊麻醉,A2,2022/4/13 8:00,第一手术部,三级,2,2-小时
2373884,ZY010001051129,1051129,住院,王*华,男,330,运动医学科,择期,左,上臂|,肩袖损伤(S46.002),左,肩关节镜下肩袖修补术,81.8300x008,,卢耀甲,会诊麻醉,C1,2022/4/13 8:00,日间手术室,四级,1,2-小时
2374020,ZY010001048867,1048867,住院,徐*高,男,12,骨科脊柱,择期,无,|,颈部脊髓损伤(S14.101),,后入路颈椎融合术,81.0300x001,（C1、2内固定融合）,杨建东,全麻,A1,2022/4/13 8:00,第一手术部,四级,1,3-小时
2373757,ZY010001051217,1051217,住院,和*国,男,1340,泌尿外科,择期,左,|,睾丸鞘膜积液(N43.301),,睾丸鞘膜翻转术,61.4904,,俞俊杰,会诊麻醉,A1,2022/4/13 8:00,第一手术部,一级,2,1-小时
2373576,ZY010001049537,1049537,住院,曹*,女,23,骨科创伤,择期,左,小腿部|,开放性胫骨下端骨折(S82.310),左,胫骨骨折切开复位内固定术,79.3601,,方永超,会诊麻醉,A1,2022/4/13 8:00,第一手术部,三级,1,2.5-小时
2373576,ZY010001049537,1049537,住院,曹*,女,23,骨科创伤,择期,左,小腿部|,开放性胫骨下端骨折(S82.310),左,腓骨骨折切开复位内固定术,79.3602,,方永超,会诊麻醉,A1,2022/4/13 8:00,第一手术部,三级,1,2.5-小时
2373577,ZY010001050978,1050978,住院,姚*余,男,20,胸外科,择期,左,胸部|,食管胸下段恶性肿瘤(C15.100x004),左,胸腹联合切口食管部分切除术,42.4101,,孙超,全麻,A1,2022/4/13 8:00,第一手术部,四级,2,3-小时
2374195,ZY010001049342,1049342,住院,吴*祥,男,63,胃肠中心309,临时,无,腹部|,乙状结肠肿瘤(D37.409),,腹腔镜乙状结肠切除术,17.36,,王道荣,全麻,C1,2022/4/13 8:00,第一手术部,四级,2,2-小时
2373955,ZY010001050618,1050618,住院,王*安,男,3057,眼科,择期,左,眼部|,人工晶体植入术后(Z96.101),左眼,白内障超声乳化抽吸术,13.4100x001,#NAME?,赵明,局麻+心电监护,D7,2022/4/13 8:00,日间手术室,三级,1,0.5-小时
2373640,ZY010001050871,1050871,住院,王*宏,男,21,创伤中心2,择期,左,小腿部|,多处损伤(T07.x00),左,胫骨骨折切开复位内固定术,79.3601,,王骅,会诊麻醉,A1,2022/4/13 8:00,第二手术部,三级,1,2-小时
2373640,ZY010001050871,1050871,住院,王*宏,男,21,创伤中心2,择期,左,小腿部|,多处损伤(T07.x00),左,腓骨骨折切开复位内固定术,79.3602,,王骅,会诊麻醉,A1,2022/4/13 8:00,第二手术部,三级,1,2-小时
2373582,ZY010001051297,1051297,住院,邱*芹,女,36,创伤中心2,择期,左,小腿部|,多处损伤(T07.x00),左,胫骨骨折切开复位内固定术,79.3601,,王骅,会诊麻醉,A3,2022/4/13 8:00,第二手术部,四级,1,2-小时
2373758,ZY010001050322,1050322,住院,骆*宝,男,16,神经外科506,择期,右,头部|,颅内占位性病变(R90.000),,神经导航下颅内病灶切除术,1.5936,,张恒柱,全麻,A1,2022/4/13 8:00,第二手术部,四级,1,3-小时
2373759,ZY010001048551,1048551,住院,窦*金,女,1051,普外甲乳外科,择期,左,胸部|,乳房肿块(N63.x00),左,乳腺局部扩大切除术,85.2300x001,,邵稳喜,局麻,B3,2022/4/13 8:00,急诊手术室,三级,1,1-小时
2374018,ZY010001050549,1050549,住院,孙*明,男,88,耳鼻咽喉头颈外科,择期,无,颈部|,下咽恶性肿瘤(C13.900),全喉切除术+,功能性颈淋巴结清扫术,40.3x00x005,#NAME?,于爱民,全麻,A1,2022/4/13 8:00,第一手术部,四级,2,5-小时
2374116,ZY010001051027,1051027,住院,刘*民,女,加9,眼科,择期,右,眼部|,斜视(H50.900),右眼,一条眼外肌的后徙术,15.11,（外直肌）,叶东升,局麻+心电监护,D5,2022/4/13 8:00,日间手术室,三级,1,1.0-小时
2373877,ZY010001051216,1051216,住院,卜*蓬,男,11,眼科,择期,右,眼部|,硅油注入术后(Z54.000x035),右眼,玻璃体硅油取出术,14.6x02,#NAME?,叶东升,局麻+心电监护,C6,2022/4/13 8:00,日间手术室,三级,1,1.0-小时
2373650,ZY010001046449,1046449,住院,王*兰,女,680,普外甲乳外科,择期,右,胸部|,乳房肿块(N63.x00),右,乳腺局部扩大切除术,85.2300x001,,邵稳喜,局麻,C1,2022/4/13 8:00,急诊手术室,三级,1,1-小时
2374375,ZY010001049432,1049432,住院,周*康,男,38,肝脾外科,临时,无,|,肝占位性病变(R93.203),,经皮肝穿刺活检,50.1100x005,,吕朋华,局麻+心电监护,A6,2022/4/13 8:00,介入诊疗中心,二级,0,1-小时
2374275,ZY010001050805,1050805,住院,王*全,男,20,肾脏内科,急诊,右,上臂|,慢性肾脏病5期(N18.001),右上肢,为肾透析的动静脉造瘘术,39.2700x001,,徐军,局麻+心电监护,C8,2022/4/13 8:00,第一手术部,三级,1,2-小时
2373882,ZY010001050521,1050521,住院,王*来,男,加5,眼科,择期,左,眼部|,老年性白内障(H25.900),左眼,白内障超声乳化抽吸术,13.4100x001,#NAME?,叶东升,局麻+心电监护,D6,2022/4/13 8:00,日间手术室,三级,1,0.5-小时
2373998,ZY010001050470,1050470,住院,胡*芹,女,766,胆胰外科,择期,右,腹部|,胆囊结石(K80.200x003),,腹腔镜下胆囊切除术,51.23,,钱建军,全麻,A5,2022/4/13 8:30,第一手术部,三级,2,1-小时
2373935,ZY010001051003,1051003,住院,曹*银,女,49,胆胰外科,择期,右,腹部|,胆管结石(K80.500x002),,腹腔镜下胆囊切除术,51.23,#NAME?,钱建军,全麻,A2,2022/4/13 8:30,第一手术部,三级,2,1.5-小时
2373935,ZY010001051003,1051003,住院,曹*银,女,49,胆胰外科,择期,右,腹部|,胆管结石(K80.500x002),,腹腔镜下胆总管切开取石术,51.8803,#NAME?,钱建军,全麻,A2,2022/4/13 8:30,第一手术部,三级,2,1.5-小时
2373667,ZY010001050784,1050784,住院,赵*琪,女,2177,普外疝儿外科,择期,左,|,单侧腹股沟斜疝(K40.900x003),左,腹腔镜下单侧腹股沟斜疝疝囊高位结扎术,53.0204,,汤劲松,全麻,A2,2022/4/13 8:30,第一手术部,三级,1,0.5-小时
2373978,ZY010001050527,1050527,住院,杨*才,男,41,胆胰外科,择期,右,腹部|,胆囊结石伴有急性胆囊炎(K80.000),,腹腔镜下胆囊切除术,51.23,,钱建军,全麻,A3,2022/4/13 8:30,第一手术部,三级,2,1-小时
2373980,ZY010001051653,1051653,住院,纪*芳,女,1033,胆胰外科,择期,右,腹部|,胆囊结石(K80.200x003),,腹腔镜下胆囊切除术,51.23,,钱建军,全麻,A4,2022/4/13 8:30,第一手术部,三级,2,1-小时
2374006,ZY010001049667,1049667,住院,杨*美,女,加1,骨科手足,择期,右,足部|,后天性(足母)外翻(M20.100x002),右足踇外翻矫正,跖骨截骨术,77.2800x002,,张乃臣,腰麻,A2,2022/4/13 9:00,第二手术部,二级,1,1-小时
2373895,ZY010001049718,1049718,住院,卞*斌,男,59,肾脏内科,择期,左,上臂|,人工动静脉瘘闭塞(I97.806),左上肢,为肾透析的动静脉瘘修补术,39.4200x001,,牟洪宾,局麻+心电监护,D4,2022/4/13 9:00,第一手术部,四级,1,1-小时
2373895,ZY010001049718,1049718,住院,卞*斌,男,59,肾脏内科,择期,左,上臂|,人工动静脉瘘闭塞(I97.806),左上肢,经皮上肢静脉取栓术,39.7900x037,,牟洪宾,局麻+心电监护,D4,2022/4/13 9:00,第一手术部,四级,1,1-小时
2373685,ZY010001049652,1049652,住院,姜*民,男,1220,普外疝儿外科,择期,右,|,单侧腹股沟斜疝(K40.900x003),右,腹腔镜下经腹膜前腹股沟疝补片修补术（TAPP）,17.1300x001,,汤劲松,全麻,A3,2022/4/13 9:00,第一手术部,三级,1,1-小时
2373215,ZY010001051668,1051668,住院,王*才,男,1823,肾脏内科,择期,右,上臂|,人工动静脉瘘狭窄(I97.807),右上肢,动静脉造瘘后球囊扩张(用于肾透析),39.5000x032,,牟洪宾,局麻+心电监护,B3,2022/4/13 9:00,第一手术部,四级,1,2-小时
2373976,ZY010001050175,1050175,住院,周*华,女,2159,普外疝儿外科,择期,左,|,单侧腹股沟疝(K40.900x002),左,腹腔镜下经腹膜前腹股沟疝补片修补术（TAPP）,17.1300x001,,汤劲松,全麻,A4,2022/4/13 9:30,第一手术部,三级,1,1-小时
2373586,ZY010001035734,1035734,住院,刘*,男,525,普外甲乳外科,择期,无,颈部|,甲状腺肿瘤(D44.001),,甲状腺全部切除术,06.4x00,,符德元,全麻,A2,2022/4/13 9:30,第一手术部,四级,1,1-小时
2373672,ZY010001047519,1047519,住院,周*宏,男,67,心脏大血管病中心,择期,无,股部|,冠状动脉粥样硬化性心脏病(I25.103),,胸主动脉覆膜支架腔内隔绝术,39.7303,,唐程斌,全麻,A1,2022/4/13 10:00,第二手术部,四级,1,2-小时
2373939,ZY010001050485,1050485,住院,赵*程,男,2010,普外疝儿外科,择期,左,|,单侧腹股沟疝(K40.900x002),左,腹腔镜下经腹膜前腹股沟疝补片修补术（TAPP）,17.1300x001,,汤劲松,全麻,A5,2022/4/13 10:00,第一手术部,三级,1,1-小时
2373673,ZY010001047519,1047519,住院,周*宏,男,67,心脏大血管病中心,择期,无,股部|,冠状动脉粥样硬化性心脏病(I25.103),,胸主动脉覆膜支架腔内隔绝术,39.7303,,唐程斌,全麻,B2,2022/4/13 10:00,介入诊疗中心,四级,1,2-小时
2373936,ZY010001051153,1051153,住院,管*云,女,3044,运动医学科,择期,左,膝部|,半月板损伤(M23.308),左,膝关节镜下半月板成形术,81.4700x005,,卢耀甲,会诊麻醉,C2,2022/4/13 10:00,日间手术室,四级,1,2-小时
2374011,ZY010001049592,1049592,住院,李*云,女,加3,骨科手足,择期,左,足部|,止点性跟腱炎(M76.600x001),左足,跟腱病损切除术,83.3100x001,探查术,张乃臣,腰麻,A3,2022/4/13 10:00,第二手术部,二级,1,1-小时
2374156,ZY010001051270,1051270,住院,张*增,男,80,心脏大血管病中心,急诊,无,胸部|,心房肿物(I51.902),,心脏肿瘤切除术,37.3300x018,#NAME?,唐程斌,全麻,A2,2022/4/13 10:00,心脏大血管病中心手术室,四级,1,4-小时
2373875,ZY010001044923,1044923,住院,张*,男,46,运动医学科,择期,右,膝部|,感染性膝关节炎(M00.900x061),右,关节粘连手法松解术,93.2600x001,,费文勇,会诊麻醉,A2,2022/4/13 10:00,日间手术室,一级,0,1-小时
2373575,ZY010001050566,1050566,住院,周*兰,女,1030,骨科创伤,择期,左,踝部|,取除骨折内固定装置(Z47.001),左下胫腓关节,踝关节内固定装置去除术,78.6705,,方永超,局麻,A2,2022/4/13 10:00,第一手术部,二级,1,0.5-小时
2374355,ZY010001049697,1049697,住院,孙*,女,27,胸外科,临时,无,|,孤立性肺结节(R91.x00x011),右,肺穿刺,33.93,定位,吕朋华,局麻+心电监护,D4,2022/4/13 10:00,介入诊疗中心,二级,0,1-小时
2373883,ZY010001047485,1047485,住院,刘*琴,女,9,肾脏内科,择期,左,上臂|,慢性肾衰竭(N18.900),左上肢,为肾透析的动静脉造瘘术,39.2700x001,,牟洪宾,局麻+心电监护,D3,2022/4/13 10:00,第一手术部,四级,1,1-小时
2373977,ZY010001050315,1050315,住院,倪*宽,男,37,骨科关节,择期,右,膝部|,双侧膝关节骨性关节病(M17.900x003),右侧,全部膝关节置换,81.54,,颜连启,会诊麻醉,A2,2022/4/13 10:00,第一手术部,四级,1,2-小时
2373579,ZY010001049697,1049697,住院,孙*,女,32,胸外科,择期,右,胸部|,孤立性肺结节(R91.x00x011),右下,胸腔镜下肺病损切除术,32.2003,,石维平,全麻,A2,2022/4/13 10:00,第一手术部,四级,2,1-小时
2373797,ZY010001050742,1050742,住院,陈*明,男,16,普外疝儿外科,择期,右,|,单侧腹股沟疝(K40.900x002),右,单侧腹股沟疝无张力修补术,53.0501,,汤劲松,会诊麻醉,A7,2022/4/13 10:50,第一手术部,三级,1,1-小时
2373696,ZY010001042254,1042254,住院,朱*莲,女,3010,普外血管外科,择期,左,大腿部|,下肢静脉功能不全(I87.201),左,大隐静脉主干激光闭合术,38.5900x003,,陈兆雷,会诊麻醉,A2,2022/4/13 11:00,第二手术部,三级,1,1-小时
2373999,ZY010001051382,1051382,住院,纪*龙,男,27,胃肠中心109,择期,无,腹部|,胃肿瘤(D37.101),,根治性胃切除术,43.9900x004,,陈平,全麻,A2,2022/4/13 11:00,第一手术部,四级,2,3-小时
2373690,ZY010001046145,1046145,住院,阙*红,女,46,普外血管外科,择期,右,大腿部|,下肢静脉功能不全(I87.201),右,大隐静脉主干激光闭合术,38.5900x003,,陈兆雷,会诊麻醉,A3,2022/4/13 11:00,第二手术部,三级,1,1-小时
2373635,ZY010001050504,1050504,住院,钱*,女,864,普外甲乳外科,择期,无,颈部|,甲状腺肿瘤(D44.001),,单侧甲状腺切除伴甲状腺峡部切除术,06.2x02,,符德元,全麻,A3,2022/4/13 11:00,第一手术部,四级,1,1-小时
2373796,ZY010001050585,1050585,住院,邓*浩,男,31,胃肠中心309,择期,无,腹部|,直肠恶性肿瘤(C20.x00),机器人援助操作,腹腔镜直肠切除术,48.691,,王道荣,全麻,B2,2022/4/13 11:00,第一手术部,四级,2,2-小时
2373687,ZY010001051515,1051515,住院,陆*东,男,48,胃肠中心109,择期,无,腹部|,降结肠恶性肿瘤(C18.600),,左半结肠切除术,45.75,,乔唐,全麻,A2,2022/4/13 11:00,第一手术部,四级,2,3-小时
2374115,ZY010001052103,1052103,住院,张*,男,33,骨科手足,择期,左,手|,上肢皮肤缺损(Z89.800x002),左示指,带蒂皮瓣移植术,86.7400x026,,张乃臣,臂丛麻醉,A4,2022/4/13 11:00,第二手术部,四级,2,1-小时
2373663,ZY010001050587,1050587,住院,邵*兰,女,加2,妇科,择期,无,腹部|,子宫平滑肌瘤(D25.900),,腹腔镜经腹全子宫切除术,68.41,#NAME?,尹香花,会诊麻醉,A2,2022/4/13 11:30,第一手术部,四级,2,1-小时
2373616,ZY010001049476,1049476,住院,李*柏,男,23,胸外科,择期,右,胸部|,气胸(J93.900),右,胸腔镜下肺大疱切除术,32.2002,,贺建胜,全麻,B2,2022/4/13 12:00,第一手术部,四级,2,2-小时
2373778,ZY010001049335,1049335,住院,陈*兰,女,13,神经外科506,择期,无,腰部|,椎管内肿物(G95.901),,椎管内病损切除术,03.0100x002,,张恒柱,全麻,A2,2022/4/13 12:00,第二手术部,四级,1,3-小时
2373881,ZY010001050660,1050660,住院,周*春,男,1832,运动医学科,择期,左,上臂|,肩胛盂前下方损伤（bankart损伤）(S43.400x013),左,肩关节镜下肩袖修补术,81.8300x008,,费文勇,会诊麻醉,A3,2022/4/13 12:00,日间手术室,四级,1,2-小时
2373580,ZY010001050460,1050460,住院,曹*珍,女,58,胸外科,择期,右,胸部|,孤立性肺结节(R91.x00x011),右上,胸腔镜下肺病损切除术,32.2003,,石维平,全麻,A3,2022/4/13 12:00,第一手术部,四级,2,2-小时
2373636,ZY010001050851,1050851,住院,詹*桃,女,1779,普外甲乳外科,择期,无,颈部|,甲状腺肿瘤(D44.001),,单侧甲状腺切除伴甲状腺峡部切除术,06.2x02,,符德元,全麻,A4,2022/4/13 12:30,第一手术部,四级,1,1-小时
2373655,ZY010001051609,1051609,住院,王*翠,女,6,胃肠中心209,择期,无,|,黄疸(D991),,内镜去除胆管结石,51.88,,刘军,静脉麻醉,A1,2022/4/13 13:00,内镜手术室,四级,0,0.5-小时
2373691,ZY010001046570,1046570,住院,朱*香,女,17,普外血管外科,择期,双,大腿部|,下肢静脉功能不全(I87.201),右,大隐静脉主干激光闭合术,38.5900x003,,陈兆雷,会诊麻醉,A4,2022/4/13 13:00,第二手术部,三级,1,1-小时
2374118,ZY010001049659,1049659,住院,纪*国,男,8,骨科手足,择期,右,小腿部|,局部肿胀、肿物和肿块(R22.900),右小腿,软组织病损破坏术,83.3900x018,,张乃臣,局麻,A6,2022/4/13 13:00,第二手术部,二级,1,1-小时
2373735,ZY010001050597,1050597,住院,夏*平,男,27,胃肠中心309,择期,无,腹部|,乙状结肠恶性肿瘤(C18.700),机器人援助操作,腹腔镜乙状结肠切除术,17.36,,王道荣,全麻,B3,2022/4/13 13:00,第一手术部,四级,2,2-小时
2373623,ZY010001050688,1050688,住院,徐*倩,女,685,普外甲乳外科,择期,无,颈部|,甲状腺肿瘤(D44.001),,腔镜下甲状腺部分切除术,6.3908,,符德元,全麻,A5,2022/4/13 13:30,第一手术部,四级,1,1-小时
2373695,ZY010001050576,1050576,住院,俞*红,男,2044,泌尿外科,择期,无,|,前列腺恶性肿瘤(C61.x00),,经会阴前列腺穿剌活检术,60.1100x003,,周广臣,局麻,B1,2022/4/13 14:00,内镜手术室,二级,0,0.5-小时
2374000,ZY010001050946,1050946,住院,徐*平,男,39,胃肠中心109,择期,无,腹部|,胃肿瘤(D37.101),,根治性胃切除术,43.9900x004,,陈平,全麻,A3,2022/4/13 14:00,第一手术部,四级,2,3-小时
2373915,ZY010001049803,1049803,住院,王*,女,904,运动医学科,择期,右,上臂|,粘连性肩关节囊炎(M75.000),右,肩关节镜下肩袖修补术,81.8300x008,,费文勇,会诊麻醉,A4,2022/4/13 14:00,日间手术室,四级,1,2-小时
2374119,ZY010001050547,1050547,住院,周*美,女,1015,骨科手足,临时,右,手|,腱鞘炎(M65.910),右中指,腱鞘切开术,83.0101,,张乃臣,局麻,A7,2022/4/13 14:00,第二手术部,二级,1,1-小时
