﻿申请号,住院流水号,住院号,类别,姓名,姓名,性别,床号,申请科室,手术类别,部位,部位名称,诊断,手术前缀,手术名称,手术编码3.0,手术后缀,手术者,麻醉方式,台序,拟手术日期,手术室,手术级别,切口类型,预估手术时长
2396455,ZY010001061159,1061159,住院,蔡蔚明,蔡*明,男,12,泌尿外科,择期,无,|,血尿(R31.x00),,经尿道膀胱病损电切术,57.4900x001,备前列腺电切术,王业华,全麻,A2,2022/5/10 8:00,第一手术部,四级,0,2-小时
2396295,ZY010001059800,1059800,住院,宗志全,宗*全,男,81,骨科创伤,择期,左,前臂|,取出内固定装置(Z47.000x002),左,尺骨内固定装置去除术,78.6303,,胡乐,会诊麻醉,A1,2022/5/10 8:00,第二手术部,二级,1,1-小时
2396378,ZY010001060425,1060425,住院,许恩山,许*山,男,22,胃肠中心109,择期,无,腹部|,胃恶性肿瘤(C16.900),,根治性胃切除术,43.9900x004,,赵伟,全麻,A1,2022/5/10 8:00,第一手术部,四级,2,2.5-小时
2396598,ZY010001061062,1061062,住院,管进新,管*新,男,15,神经外科506,择期,右,头部|,颅内占位性病变(R90.000),,神经导航下颅内病灶切除术,1.5936,,张恒柱,全麻,A1,2022/5/10 8:00,第二手术部,四级,1,3-小时
2396605,ZY010001061195,1061195,住院,王小凤,王*凤,女,594,口腔科,择期,双,|,阻生牙(K01.100),双侧,颌骨上牙病损切除术,24.4x00,,邱建平,全麻,A6,2022/5/10 8:00,第一手术部,三级,2,1-小时
2396776,ZY010001060136,1060136,住院,冯香宜,冯*宜,女,33,耳鼻咽喉头颈外科,临时,左,鼻部|,鼻窦囊肿(J34.106),左侧,内镜下鼻窦病损切除术,22.6002,(备柯陆氏入路),徐丽,全麻,B2,2022/5/10 8:00,第一手术部,四级,2,2-小时
2396339,ZY010001058526,1058526,住院,苏必荣,苏*荣,男,8,泌尿外科,择期,无,|,膀胱肿瘤(D41.401),,经尿道膀胱病损电切术,57.4900x001,,周广臣,全麻,A2,2022/5/10 8:00,第一手术部,四级,0,1-小时
2396490,ZY010001059841,1059841,住院,马玉芳,马*芳,女,39,普外甲乳外科,择期,右,胸部|,乳房肿块(N63.x00),右侧,单侧保乳乳腺改良根治术,85.4302,,何春兰,全麻,A3,2022/5/10 8:00,第一手术部,三级,1,3-小时
2396601,ZY010001060455,1060455,住院,姚玉庆,姚*庆,男,30,口腔科,择期,左,|,腮腺肿瘤(D37.011),左侧,腮腺深叶切除术,26.3100x008,,邱建平,全麻,A1,2022/5/10 8:00,第一手术部,四级,1,1-小时
2396485,ZY010001061143,1061143,住院,王春中,王*中,男,17,EICU,择期,左,前臂|,多处损伤(T07.x00),左,尺骨骨折切开复位钢板内固定术,79.3200x001,#NAME?,张乃臣,臂丛麻醉,B1,2022/5/10 8:00,第二手术部,四级,2,2-小时
2396602,ZY010001058940,1058940,住院,冉秋云,冉*云,女,21,泌尿外科,择期,右,腰部|,肾结石(N20.000),,经皮肾镜超声碎石术,55.0403,,王业华,全麻,A5,2022/5/10 8:00,第一手术部,三级,1,2-小时
2396603,ZY010001060758,1060758,住院,宋孝勤,宋*勤,男,1015,口腔科,择期,右,口腔|,下颌骨囊肿(K09.205),右下颌,口腔病损切除术,27.4906,,何海波,全麻,B4,2022/5/10 8:00,第一手术部,三级,2,1-小时
2395197,ZY010001057514,1057514,住院,李忠翠,李*翠,女,1368,运动医学科,择期,双,膝部|,半月板损伤(M23.308),双,膝关节镜下半月板成形术,81.4700x005,,胡翰生,腰麻,B2,2022/5/10 8:00,日间手术室,四级,1,1-小时
2396344,ZY010001061292,1061292,住院,曹雪,曹*,女,21,普外甲乳外科,择期,右,胸部|,乳房肿块(N63.x00),右,乳腺局部扩大切除术,85.2300x001,#NAME?,章佳新,全麻,A1,2022/5/10 8:00,第一手术部,三级,1,2-小时
2396575,ZY010001059995,1059995,住院,王志军,王*军,男,164,胆胰外科,择期,右,腹部|,胆囊结石伴有急性胆囊炎(K80.000),,腹腔镜下胆囊切除术,51.23,,钱建军,全麻,A6,2022/5/10 8:00,第一手术部,三级,2,1-小时
2396576,ZY010001061508,1061508,住院,杨虹,杨*,女,55,眼科,择期,右,眼部|,老年性白内障(H25.900),右眼,白内障超声乳化抽吸术,13.4100x001,#NAME?,华欣,局麻+心电监护,C1,2022/5/10 8:00,日间手术室,三级,1,0.3-小时
2396340,ZY010001060678,1060678,住院,祁兆英,祁*英,女,19,骨科脊柱,择期,无,腰部|,腰椎间盘突出(M51.202),,腰椎后柱融合术，后入路,81.0701,,王永祥,会诊麻醉,A1,2022/5/10 8:00,第一手术部,四级,1,2-小时
2396604,ZY010001059206,1059206,住院,孟炎,孟*,男,10,口腔科,择期,右,|,唇囊肿(K13.006),右,口腔病损切除术,27.4906,,邱建平,全麻,A4,2022/5/10 8:00,第一手术部,三级,2,1-小时
2396955,ZY010001012739,1012739,住院,戴铭松,戴*松,男,45,重症医学科,临时,无,|,肺部感染(J98.414),,鼻空肠营养管置入术,96.6x03,,吕朋华,局麻+心电监护,B2,2022/5/10 8:00,介入诊疗中心,二级,0,1-小时
2396492,ZY010001061872,1061872,住院,王海剑,王*剑,男,15,胆胰外科,择期,右,腹部|,胆囊结石伴有急性胆囊炎(K80.000),,腹腔镜下胆囊切除术,51.23,,钱建军,全麻,A2,2022/5/10 8:00,第一手术部,三级,2,1-小时
2396475,ZY010001061268,1061268,住院,吴林宇,吴*宇,女,80,妇科,择期,无,腹部|,卵巢子宫内膜异位囊肿(N80.100x003),,腹腔镜检查,54.21,#NAME?,董乃俊,全麻,A1,2022/5/10 8:00,第一手术部,三级,2,1-小时
2396755,ZY010001059835,1059835,住院,陈梅珍,陈*珍,女,59,眼科,择期,右,眼部|,视网膜脱离(H33.200x002),右眼,后入路玻璃体切割术,14.7401,,华欣,局麻+心电监护,D6,2022/5/10 8:00,日间手术室,四级,1,1.5-小时
2396478,ZY010001061927,1061927,住院,张德方,张*方,男,28,骨科手足,择期,左,足部|,跖骨骨折(S92.300),左第五,跖骨骨折切开复位内固定术,79.3702,,刘宏君,腰麻,A1,2022/5/10 8:00,第二手术部,四级,1,1-小时
2396735,ZY010001060025,1060025,住院,陈春香,陈*香,女,36,耳鼻咽喉头颈外科,择期,左,鼻部|,鼻息肉(J33.900),左侧,内镜下鼻内病损切除术,21.3104,,徐丽,全麻,B1,2022/5/10 8:00,第一手术部,三级,2,2-小时
2396735,ZY010001060025,1060025,住院,陈春香,陈*香,女,36,耳鼻咽喉头颈外科,择期,左,鼻部|,鼻息肉(J33.900),左侧,鼻内窥镜下多个鼻窦开窗术,22.5300x004,,徐丽,全麻,B1,2022/5/10 8:00,第一手术部,三级,2,2-小时
2396975,ZY010001058934,1058934,住院,夏元平,夏*平,男,9,眼科,临时,左,眼部|,2型糖尿病性视网膜病变(E11.301+H36.0*),左眼,后入路玻璃体切割术,14.7401,,华欣,局麻+心电监护,A4,2022/5/10 8:00,日间手术室,四级,1,0.8-小时
2396815,ZY010001059469,1059469,住院,龚永英,龚*英,女,38,创伤中心2,临时,左,踝部|,皮肤裂伤(T14.101),左,踝关节骨折切开复位内固定术,79.3603,,王骅,会诊麻醉,C1,2022/5/10 8:00,第二手术部,四级,1,2-小时
2396775,ZY010001059817,1059817,住院,吴秀美,吴*美,女,36,眼科,临时,右,眼部|,硅油注入术后(Z54.000x035),右眼,玻璃体硅油取出术,14.6x02,#NAME?,华欣,局麻+心电监护,A3,2022/5/10 8:00,日间手术室,三级,1,1-小时
2396555,ZY010001053647,1053647,住院,陈敏,陈*,女,32,胃肠中心109,择期,无,背部|,腹腔肿瘤(D48.714),,腹腔镜检查,54.21,,王道荣,全麻,A1,2022/5/10 8:00,第一手术部,三级,2,1-小时
2396915,ZY010001061689,1061689,住院,韩长松,韩*松,男,35,心内科306,临时,左,胸部|,室性心动过速(I47.200),,心脏再同步除颤器置入，全系统[CRT-D],0.51,,顾翔,局麻+心电监护,D5,2022/5/10 8:00,介入诊疗中心,四级,1,1-小时
2396595,ZY010001059285,1059285,住院,赵桂芳,赵*芳,女,3049,神经外科506,择期,双,头部|,鞍区病变(E23.600x001),,神经导航下颅内病灶切除术,1.5936,,张恒柱,全麻,B2,2022/5/10 8:00,第二手术部,四级,1,3-小时
2396537,ZY010001061889,1061889,住院,刘月翠,刘*翠,女,31,胆胰外科,择期,右,腹部|,胆囊结石伴有急性胆囊炎(K80.000),,腹腔镜下胆囊切除术,51.23,,钱建军,全麻,A3,2022/5/10 8:00,第一手术部,三级,2,1-小时
2396384,ZY010001060744,1060744,住院,姜德才,姜*才,男,15,泌尿外科,择期,双,腰部|,肾积水伴输尿管结石(N13.202),,经尿道输尿管镜输尿管激光碎石术,56.0x00x005,备软镜,王业华,全麻,A1,2022/5/10 8:00,第一手术部,三级,0,2-小时
2396480,ZY010001059788,1059788,住院,李竞国,李*国,男,12,泌尿外科,择期,无,|,前列腺增生(N40.x00),,经尿道前列腺激光切除术[TULIP手术],60.2100x001,,俞俊杰,全麻,A3,2022/5/10 8:00,第一手术部,四级,0,3-小时
2395095,ZY010001060931,1060931,住院,倪永珍,倪*珍,女,789,运动医学科,择期,右,膝部|,半月板损伤(M23.308),,膝关节镜下半月板成形术,81.4700x005,,胡翰生,腰麻,A6,2022/5/10 8:00,日间手术室,四级,1,1-小时
2396440,ZY010001057246,1057246,住院,周健,周*,男,16,泌尿外科,择期,无,|,前列腺增生(N40.x00),,膀胱穿刺术,57.1101,,王业华,局麻,A3,2022/5/10 8:00,第一手术部,二级,0,2-小时
2396452,ZY010001061652,1061652,住院,钱雨,钱*,女,829,普外甲乳外科,择期,左,胸部|,乳房肿块(N63.x00),左 ,乳腺局部扩大切除术,85.2300x001,,符德元,局麻,D7,2022/5/10 8:00,急诊手术室,三级,1,0.5-小时
2396529,ZY010001060892,1060892,住院,刘奎珍,刘*珍,男,1045,眼科,择期,左,眼部|,翼状胬肉(H11.000),左眼翼状胬肉切除+,自体结膜移植术,10.4401,,王健,局麻+心电监护,C1,2022/5/10 8:00,日间手术室,三级,1,0.3-小时
2395828,ZY010001055717,1055717,住院,胡兴仁,胡*仁,男,2,泌尿外科,择期,无,|,前列腺恶性肿瘤(C61.x00),,前列腺放射性粒子置入术,92.2702,,丁雪飞,腰麻,A1,2022/5/10 8:00,内镜手术室,四级,0,2-小时
2396875,ZY010001061034,1061034,住院,范广琴,范*琴,女,56,烧伤整形外科,临时,左,大腿部|,下肢动脉硬化闭塞症伴坏疽(I70.200x073),左大腿截断术+,皮瓣转移术,86.700x0014,#NAME?,周杰,会诊麻醉,A2,2022/5/10 8:00,烧伤整形外科手术室,四级,1,1-小时
2396395,ZY010001060631,1060631,住院,周志平,周*平,男,6,骨科创伤,择期,右,小腿部|,胫腓骨干骨折(S82.201),右,胫骨骨折切开复位内固定术,79.3601,,周岳来,会诊麻醉,A1,2022/5/10 8:00,第二手术部,三级,1,2-小时
2396395,ZY010001060631,1060631,住院,周志平,周*平,男,6,骨科创伤,择期,右,小腿部|,胫腓骨干骨折(S82.201),右,腓骨骨折切开复位内固定术,79.3602,,周岳来,会诊麻醉,A1,2022/5/10 8:00,第二手术部,三级,1,2-小时
2396454,ZY010001061700,1061700,住院,黄小艳,黄*艳,女,393,普外甲乳外科,择期,右,胸部|,乳房肿块(N63.x00),右,乳腺局部扩大切除术,85.2300x001,,符德元,局麻,A4,2022/5/10 8:00,急诊手术室,三级,1,0.5-小时
2396526,ZY010001058312,1058312,住院,耿昌九,耿*九,男,1228,胆胰外科,择期,右,腹部|,胆囊结石伴慢性胆囊炎急性发作(K80.000x004),,腹腔镜下胆囊切除术,51.23,,钱建军,全麻,A5,2022/5/10 8:00,第一手术部,三级,2,1-小时
2396703,ZY010001056667,1056667,住院,郭玉凤,郭*凤,女,29,眼科,择期,左,眼部|,玻璃体积血(H43.100),左眼,后入路玻璃体切割术,14.7401,,华欣,局麻+心电监护,C2,2022/5/10 8:00,日间手术室,四级,1,1-小时
2396739,ZY010001059718,1059718,住院,杨建兰,杨*兰,女,1030,耳鼻咽喉头颈外科,临时,双,咽部|,声带息肉(J38.102),双侧,内镜下声带病损切除术,30.0905,,马伟,全麻,B3,2022/5/10 8:00,第一手术部,三级,2,1-小时
2395188,ZY010001059834,1059834,住院,仇红兰,仇*兰,女,3063,运动医学科,择期,右,膝部|,半月板损伤(M23.308),右,膝关节镜下半月板成形术,81.4700x005,,胡翰生,腰麻,B4,2022/5/10 8:00,日间手术室,四级,1,1-小时
2396202,ZY010001057602,1057602,住院,杨家美,杨*美,女,1540,胸外科,择期,右,胸部|,肋骨肿瘤(D48.011),右,肋骨病损切除术,77.6103,,贺建胜,全麻,C1,2022/5/10 8:00,第一手术部,二级,2,2-小时
2396532,ZY010001061463,1061463,住院,陈桂平,陈*平,女,3067,神经外科506,择期,双,鼻部|,垂体肿瘤(D44.301),,神经内镜下经鼻腔-蝶窦垂体病损切除术,07.6200x007,,张恒柱,全麻,B1,2022/5/10 8:00,第二手术部,四级,1,3-小时
2396499,ZY010001059647,1059647,住院,张艳秋,张*秋,女,7,普外甲乳外科,择期,无,颈部|,甲状腺肿瘤(D44.001),,甲状腺全部切除术,06.4x00,,何春兰,全麻,A5,2022/5/10 8:00,第一手术部,四级,1,3-小时
2396534,ZY010001060172,1060172,住院,熊时恩,熊*恩,男,1280,口腔科,择期,无,口腔|,额外牙［多生牙］(K00.100),上,颌骨上牙病损切除术,24.4x00,,何海波,全麻,B2,2022/5/10 8:00,第一手术部,三级,2,1-小时
2395176,ZY010001060433,1060433,住院,张国祥,张*祥,男,1361,运动医学科,择期,右,上臂|,肩袖损伤(S46.002),右,肩关节镜下肩袖修补术,81.8300x008,,胡翰生,全麻,A3,2022/5/10 8:00,日间手术室,四级,1,1-小时
2396206,ZY010001061314,1061314,住院,胡超,胡*,男,1715,骨科创伤,择期,左,上臂|,取除骨折内固定装置(Z47.001),左,肱骨内固定装置去除术,78.6201,,韩奎敬,会诊麻醉,D3,2022/5/10 8:00,第二手术部,二级,1,1-小时
2396361,ZY010001060532,1060532,住院,刘玉云,刘*云,男,40,心脏大血管病中心,择期,无,胸部|,二尖瓣关闭不全(I34.000),,二尖瓣成形术,35.1201,或置换+三尖瓣成形术,唐程斌,全麻,A1,2022/5/10 8:00,心脏大血管病中心手术室,四级,1,4-小时
2396704,ZY010001061530,1061530,住院,张秋芳,张*芳,女,23,妇科,择期,无,|,子宫平滑肌瘤(D25.900),,腹腔镜经腹全子宫切除术,68.41,#NAME?,孙桂芳,会诊麻醉,B1,2022/5/10 8:00,第一手术部,四级,2,2-小时
2395192,ZY010001058903,1058903,住院,王忠芹,王*芹,女,2138,运动医学科,择期,右,上臂|,肩撞击综合征(M75.400),右,肩关节镜下肩袖修补术,81.8300x008,,胡翰生,全麻,A5,2022/5/10 8:00,日间手术室,四级,1,1-小时
2396713,ZY010001059880,1059880,住院,左文举,左*举,男,27,耳鼻咽喉头颈外科,择期,无,咽部|,高血压(I10.x00x002),,支撑喉镜下咽部病损切除术,29.3905,,关兵,全麻,A2,2022/5/10 8:00,第一手术部,三级,2,3-小时
2396713,ZY010001059880,1059880,住院,左文举,左*举,男,27,耳鼻咽喉头颈外科,择期,无,咽部|,高血压(I10.x00x002),,喉部分切除术,30.2900x003,,关兵,全麻,A2,2022/5/10 8:00,第一手术部,三级,2,3-小时
2396713,ZY010001059880,1059880,住院,左文举,左*举,男,27,耳鼻咽喉头颈外科,择期,无,咽部|,高血压(I10.x00x002),,暂时性气管切开术,31.1x00x005,,关兵,全麻,A2,2022/5/10 8:00,第一手术部,三级,2,3-小时
2395191,ZY010001059738,1059738,住院,汪桂鸾,汪*鸾,女,1030,运动医学科,择期,右,膝部|,半月板损伤(M23.308),右,膝关节镜下半月板成形术,81.4700x005,,胡翰生,腰麻,B1,2022/5/10 8:00,日间手术室,四级,1,1-小时
2396615,ZY010001057539,1057539,住院,滕德珍,滕*珍,女,21,骨科关节,择期,左,膝部|,单侧膝关节骨性关节病(M17.900x004),左侧,全部膝关节置换,81.54,,颜连启,会诊麻醉,A1,2022/5/10 8:00,第一手术部,四级,1,2-小时
2396623,ZY010001057780,1057780,住院,朱万国,朱*国,男,169,口腔科,择期,左,口腔|,唇肿瘤(D37.001),左上唇,口腔病损切除术,27.4906,,何海波,全麻,B6,2022/5/10 8:00,第一手术部,三级,2,1-小时
2396519,ZY010001059801,1059801,住院,邱平和,邱*和,男,8,胃肠中心109,择期,无,腹部|,胃恶性肿瘤(C16.900),,腹腔镜下胃切除术,43.9900x003,,王道荣,全麻,B1,2022/5/10 8:00,第一手术部,四级,2,2-小时
2396521,ZY010001062004,1062004,住院,张雯萱,张*萱,女,68,眼科,急诊,右,眼部|,眶骨骨折(S02.801),右眼,眶骨骨折切开复位内固定术,76.7903,,王健,全麻,A4,2022/5/10 8:00,日间手术室,四级,2,1-小时
2396528,ZY010001061423,1061423,住院,仇春秀,仇*秀,女,10,心内科306,择期,无,|,冠状动脉粥样硬化性心脏病(I25.103),,多根导管冠状动脉造影,88.5701,,徐日新,局麻+心电监护,D8,2022/5/10 8:00,介入诊疗中心,三级,1,1-小时
2396635,ZY010001061904,1061904,住院,陈玉莲,陈*莲,女,27,骨科关节,择期,右,髋部|,股骨颈骨折(S72.000),右侧,全髋关节置换,81.51,（备半髋）,孙钰,会诊麻醉,B1,2022/5/10 8:00,第一手术部,四级,1,2-小时
2396711,ZY010001061289,1061289,住院,谢冬梅,谢*梅,女,88,耳鼻咽喉头颈外科,择期,双,鼻部|,糖尿病(E14.900x001),双侧,内镜下鼻窦病损切除术,22.6002,#NAME?,关兵,全麻,A1,2022/5/10 8:00,第一手术部,四级,2,2-小时
2395178,ZY010001060218,1060218,住院,陈翠玉,陈*玉,女,1182,运动医学科,择期,左,膝部|,半月板损伤(M23.308),左,膝关节镜下半月板成形术,81.4700x005,,胡翰生,腰麻,A2,2022/5/10 8:00,日间手术室,四级,1,1-小时
2396515,ZY010001059832,1059832,住院,卞大兴,卞*兴,男,20,泌尿外科,择期,右,腰部|,肾积水伴肾结石(N13.201),,经皮肾镜超声碎石术,55.0403,,王业华,全麻,A4,2022/5/10 8:00,第一手术部,三级,0,2-小时
2396415,ZY010001060905,1060905,住院,朱峻松,朱*松,男,1559,骨科创伤,择期,左,膝部|,取除骨折内固定装置(Z47.001),左侧,髌骨内固定装置去除术,78.6601,,高红伟,会诊麻醉,A1,2022/5/10 8:00,第二手术部,二级,1,1-小时
2396443,ZY010001059685,1059685,住院,居国和,居*和,男,29,普外血管外科,择期,右,大腿部|,髂静脉压迫综合征(I87.116),右,下肢静脉曲张的结扎术和剥脱术,38.59,#NAME?,陈兆雷,全麻,A1,2022/5/10 8:00,第二手术部,四级,1,2-小时
2396443,ZY010001059685,1059685,住院,居国和,居*和,男,29,普外血管外科,择期,右,大腿部|,髂静脉压迫综合征(I87.116),右,髂静脉支架置入术,39.9000x011,#NAME?,陈兆雷,全麻,A1,2022/5/10 8:00,第二手术部,四级,1,2-小时
2396618,ZY010001057296,1057296,住院,武博,武*,男,904,口腔科,择期,无,口腔|,上颌骨囊肿(K09.204),上,颌骨上牙病损切除术,24.4x00,,何海波,全麻,B5,2022/5/10 8:00,第一手术部,三级,2,1.5-小时
2396749,ZY010001061016,1061016,住院,杨宝琴,杨*琴,女,409,运动医学科,临时,左,上臂|,肩袖损伤(S46.002),左,肩关节镜下肩袖修补术,81.8300x008,,胡翰生,全麻,A8,2022/5/10 8:00,日间手术室,四级,1,1-小时
2397035,ZY010001059479,1059479,住院,陆万朝,陆*朝,男,35,神经内科503,临时,右,|,脑梗死(I63.900),右侧,锁骨下动脉支架置入术,39.9008,,吕朋华,局麻+心电监护,A6,2022/5/10 8:00,介入诊疗中心,三级,0,1-小时
2396616,ZY010001060894,1060894,住院,韩庆兰,韩*兰,女,26,口腔科,择期,右,|,腮腺肿瘤(D37.011),右,腮腺浅叶切除术,26.3100x009,,邱建平,全麻,A2,2022/5/10 8:00,第一手术部,四级,1,1-小时
2396435,ZY010001057520,1057520,住院,许翠香,许*香,女,1134,泌尿外科,择期,右,|,肾积水伴肾输尿管结石(N13.203),,经尿道输尿管镜肾盂激光碎石术,56.0x00x006,（软镜）,周广臣,全麻,A3,2022/5/10 8:00,第一手术部,三级,0,2-小时
2396437,ZY010001061161,1061161,住院,王家红,王*红,女,1302,普外甲乳外科,择期,无,颈部|,甲状腺肿瘤(D44.001),,单侧甲状腺切除伴甲状腺峡部切除术,06.2x02,,何春兰,全麻,A2,2022/5/10 8:00,第一手术部,四级,1,2-小时
2396496,ZY010001059721,1059721,住院,房春燕,房*燕,女,11,普外甲乳外科,择期,左,胸部|,乳房肿块(N63.x00),左,乳腺局部扩大切除术,85.2300x001,,何春兰,全麻,A1,2022/5/10 8:00,第一手术部,三级,1,3-小时
2396497,ZY010001061699,1061699,住院,朱道昌,朱*昌,男,5,胆胰外科,择期,右,腹部|,胆囊结石伴有急性胆囊炎(K80.000),,腹腔镜下胆囊切除术,51.23,,钱建军,全麻,A1,2022/5/10 8:00,第一手术部,三级,2,1-小时
2395177,ZY010001060924,1060924,住院,王明顺,王*顺,男,1254,运动医学科,择期,右,膝部|,半月板损伤(M23.308),右,膝关节镜下半月板成形术,81.4700x005,,胡翰生,腰麻,B3,2022/5/10 8:00,日间手术室,四级,1,1-小时
2394978,ZY010001058985,1058985,住院,潘晓萍,潘*萍,女,65,运动医学科,择期,左,上臂|,肩袖损伤(S46.002),左,肩关节镜下肩袖修补术,81.8300x008,#NAME?,胡翰生,全麻,A4,2022/5/10 8:00,日间手术室,四级,1,1-小时
2396359,ZY010001059838,1059838,住院,管再梅,管*梅,女,55,眼科,择期,左,眼部|,2型糖尿病性视网膜病变(E11.301+H36.0*),左眼,后入路玻璃体切割术,14.7401,,华欣,局麻+心电监护,C7,2022/5/10 8:00,日间手术室,四级,1,0.8-小时
2396525,ZY010001044139,1044139,住院,郑志平,郑*平,男,监7,烧伤整形外科,择期,左,大腿部|,低钾血症(E87.600),左下肢、骶尾部扩创+,创面封闭式负压引流术（VSD),86.0401,#NAME?,周杰,会诊麻醉,A1,2022/5/10 8:00,烧伤整形外科手术室,三级,3,2.0-小时
2397037,ZY010001059722,1059722,住院,潘艾忠,潘*忠,男,28,肿瘤科803,临时,无,|,食管恶性肿瘤(C15.900),,鼻十二指肠营养管置入术,96.6x04,,吕朋华,局麻+心电监护,C4,2022/5/10 8:00,介入诊疗中心,二级,0,1-小时
2396355,ZY010001060721,1060721,住院,夏书贵,夏*贵,男,6,泌尿外科,择期,左,|,肾积水伴输尿管结石(N13.202),,经尿道输尿管镜输尿管激光碎石术,56.0x00x005,备软镜,俞俊杰,全麻,A1,2022/5/10 8:00,第一手术部,三级,0,2-小时
2396451,ZY010001061544,1061544,住院,郭明华,郭*华,女,23,泌尿外科,择期,右,|,肾上腺肿瘤(D44.101),,腹腔镜肾上腺病损切除术,7.2102,,周广臣,全麻,A1,2022/5/10 8:00,第一手术部,四级,1,2-小时
2396695,ZY010001060978,1060978,住院,耿孝林,耿*林,男,38,介入放射科,临时,无,|,冠状动脉支架植入后状态(Z95.501),DSA下,内镜下经皮胃造瘘术,43.1100x001,,吕朋华,局麻+心电监护,A5,2022/5/10 8:00,介入诊疗中心,四级,0,1-小时
2396439,ZY010001061431,1061431,住院,吴艾平,吴*平,女,544,眼科,择期,左,眼部|,老年性白内障(H25.900),左眼,白内障超声乳化抽吸术,13.4100x001,#NAME?,华欣,局麻+心电监护,B5,2022/5/10 8:00,日间手术室,三级,1,0.3-小时
2396709,ZY010001059906,1059906,住院,刘圣明,刘*明,男,40,眼科,择期,左,眼部|,孔源性视网膜脱离(H33.001),左眼,后入路玻璃体切割术,14.7401,,华欣,局麻+心电监护,D7,2022/5/10 8:00,日间手术室,四级,1,1.5-小时
2396200,ZY010001058357,1058357,住院,朱伯忠,朱*忠,男,29,胸外科,择期,右,胸部|,孤立性肺结节(R91.x00x011),右上,胸腔镜肺叶节段切除术,32.3,,陆世春,全麻,B1,2022/5/10 8:00,第一手术部,四级,2,2-小时
2396621,ZY010001060579,1060579,住院,邹伟宸,邹*宸,男,1895,口腔科,择期,无,|,额外牙［多生牙］(K00.100),,口腔病损切除术,27.4906,,邱建平,全麻,A5,2022/5/10 8:00,第一手术部,三级,2,1-小时
2396527,ZY010001060663,1060663,住院,肖桂荣,肖*荣,男,43,心内科306,择期,无,|,心房颤动(I48.x01),,经皮左心耳封堵术,37.9000x001,,鲍正宇,全麻,C1,2022/5/10 8:00,介入诊疗中心,四级,1,1-小时
2396436,ZY010001058457,1058457,住院,王海林,王*林,男,385,眼科,择期,右,眼部|,老年性白内障(H25.900),右眼,白内障超声乳化抽吸术,13.4100x001,#NAME?,华欣,局麻+心电监护,B6,2022/5/10 8:00,日间手术室,三级,1,0.3-小时
2396533,ZY010001057935,1057935,住院,郭成轩,郭*轩,男,3030,口腔科,择期,无,口腔|,舌系带过短(Q38.100),,舌系带整形术,25.9101,,何海波,全麻,B1,2022/5/10 8:00,第一手术部,二级,2,0.5-小时
2396357,ZY010001059833,1059833,住院,顾克凤,顾*凤,女,33,骨科脊柱,择期,无,腹部|,腰椎椎管狭窄(M48.005),,内镜下腰椎髓核切除术,80.5111,,陶玉平,会诊麻醉,A1,2022/5/10 8:00,第一手术部,四级,1,2-小时
2396198,ZY010001058610,1058610,住院,王代友,王*友,男,38,胸外科,择期,右,胸部|,食管恶性肿瘤(C15.900),全腔镜,颈胸腹三切口食管部分切除术,42.4102,,孙超,全麻,A1,2022/5/10 8:00,第一手术部,四级,2,4-小时
2396520,ZY010001061515,1061515,住院,夏本宏,夏*宏,男,31,肝脾外科,择期,右,|,胆囊结石伴慢性胆囊炎(K80.101),,腹腔镜下胆囊切除术,51.23,,金圣杰,全麻,A1,2022/5/10 8:00,第一手术部,三级,2,1-小时
2396445,ZY010001059685,1059685,住院,居国和,居*和,男,29,普外血管外科,择期,右,大腿部|,髂静脉压迫综合征(I87.116),右,下肢静脉曲张的结扎术和剥脱术,38.59,#NAME?,陈兆雷,全麻,B1,2022/5/10 8:00,介入诊疗中心,四级,1,2-小时
2396445,ZY010001059685,1059685,住院,居国和,居*和,男,29,普外血管外科,择期,右,大腿部|,髂静脉压迫综合征(I87.116),右,髂静脉支架置入术,39.9000x011,#NAME?,陈兆雷,全麻,B1,2022/5/10 8:00,介入诊疗中心,四级,1,2-小时
2396714,ZY010001061834,1061834,住院,谈晔霖,谈*霖,男,901,耳鼻咽喉头颈外科,择期,双,耳部|,慢性分泌性中耳炎(H65.300x001),双侧,咽鼓管扩张术,20.8x05,,马伟,全麻,A3,2022/5/10 8:00,第一手术部,一级,2,1.5-小时
2396714,ZY010001061834,1061834,住院,谈晔霖,谈*霖,男,901,耳鼻咽喉头颈外科,择期,双,耳部|,慢性分泌性中耳炎(H65.300x001),双侧,内镜下鼓膜置管术,20.0100x006,,马伟,全麻,A3,2022/5/10 8:00,第一手术部,一级,2,1.5-小时
2396710,ZY010001060351,1060351,住院,雷松青,雷*青,男,9,介入放射科,临时,无,|,肝恶性肿瘤(C22.900),肝,动脉化疗栓塞,99.2501,,吕朋华,局麻+心电监护,B1,2022/5/10 8:00,介入诊疗中心,四级,0,1-小时
2396740,ZY010001059425,1059425,住院,吴凤智,吴*智,男,404,耳鼻咽喉头颈外科,临时,左,耳部|,先天性耳前瘘管(Q18.102),左侧,耳前瘘管切除术,18.2100x006,,王树伦,局麻,B4,2022/5/10 8:00,第一手术部,一级,2,1-小时
2396203,ZY010001061330,1061330,住院,汤琴,汤*,女,78,骨科创伤,择期,右,大腿部|,开放性胫骨骨折(S82.211),右,胫骨骨折切开复位内固定术,79.3601,,韩奎敬,会诊麻醉,D2,2022/5/10 8:00,第二手术部,三级,2,3-小时
2396203,ZY010001061330,1061330,住院,汤琴,汤*,女,78,骨科创伤,择期,右,大腿部|,开放性胫骨骨折(S82.211),右,腓骨骨折切开复位内固定术,79.3602,,韩奎敬,会诊麻醉,D2,2022/5/10 8:00,第二手术部,三级,2,3-小时
2396447,ZY010001053220,1053220,住院,刘欢,刘*,男,1795,男科,择期,无,会阴部|,包皮过长(N47.x01),,包皮环切术,64.0x00,,刘凯峰,局麻,A1,2022/5/10 8:00,日间手术室,一级,2,1-小时
2396617,ZY010001061500,1061500,住院,童嘉诚,童*诚,男,28,口腔科,择期,无,|,腭肿瘤(D37.007),,口腔病损切除术,27.4906,,邱建平,全麻,A3,2022/5/10 8:00,第一手术部,三级,2,1-小时
2396700,ZY010001059652,1059652,住院,王元香,王*香,女,61,泌尿外科,择期,左,|,肾上腺肿瘤(D44.101),,腹腔镜肾上腺病损切除术,7.2102,,周广臣,全麻,A4,2022/5/10 8:00,第一手术部,四级,1,2-小时
2396481,ZY010001060970,1060970,住院,周祯飞,周*飞,男,加2,骨科手足,择期,右,手|,上肢的局部肿胀、肿物和肿块(R22.300),右手及右足,皮肤病损根治性切除术,86.4x00,（痛风石）,刘宏君,全麻,A2,2022/5/10 8:10,第二手术部,三级,1,1-小时
2396707,ZY010001060240,1060240,住院,符丽萍,符*萍,女,2146,妇科,择期,无,|,异常子宫出血(N93.901),,宫腔镜诊断性刮宫术,69.0902,,孙桂芳,会诊麻醉,B2,2022/5/10 8:10,第一手术部,三级,0,1-小时
2396483,ZY010001059943,1059943,住院,程大道,程*道,男,58,骨科手足,择期,左,足部|,足部开放性损伤伴脱位(S91.300x823),左足扩创+坏死,趾截断术,84.11,,刘宏君,会诊麻醉,A3,2022/5/10 8:20,第二手术部,二级,3,1-小时
2396486,ZY010001061354,1061354,住院,刘建美,刘*美,女,692,骨科手足,择期,右,手|,腱鞘炎(M65.910),右中指,腱鞘切开术,83.0101,#NAME?,刘宏君,局麻,A4,2022/5/10 8:30,第二手术部,二级,1,1-小时
2396718,ZY010001054196,1054196,住院,高玉婷,高*婷,女,1380,妇科,择期,无,|,子宫内膜息肉(N84.001),,宫腔镜诊断性刮宫术,69.0902,,孙桂芳,会诊麻醉,B3,2022/5/10 8:30,第一手术部,三级,0,1-小时
2396488,ZY010001060024,1060024,住院,李维成,李*成,男,1232,骨科手足,择期,右,手|,腱鞘囊肿(M67.400),右拇指,皮肤病损根治性切除术,86.4x00,,刘宏君,局麻,A5,2022/5/10 8:40,第二手术部,三级,1,1-小时
2396377,ZY010001057247,1057247,住院,张龙芳,张*芳,女,8,普外甲乳外科,择期,右,胸部|,乳腺恶性肿瘤(C50.900x011),右,单侧乳腺改良根治术,85.4301,#NAME?,章佳新,全麻,A2,2022/5/10 9:00,第一手术部,三级,1,2-小时
2396382,ZY010001058574,1058574,住院,陆爱芹,陆*芹,女,779,普外甲乳外科,择期,无,颈部|,甲状腺肿瘤(D44.001),,单侧甲状腺切除伴甲状腺峡部切除术,06.2x02,,章佳新,全麻,A4,2022/5/10 9:00,第一手术部,四级,1,1-小时
2396380,ZY010001058455,1058455,住院,王悦,王*,女,9,普外甲乳外科,择期,无,颈部|,甲状腺肿瘤(D44.001),,单侧甲状腺切除伴甲状腺峡部切除术,06.2x02,,章佳新,全麻,A3,2022/5/10 9:00,第一手术部,四级,1,1-小时
2396491,ZY010001060137,1060137,住院,葛网存,葛*存,女,39,骨科手足,择期,右,足趾部|,趾甲沟炎(L03.000x021),右踇趾清创+,甲成形术,86.8600x001,,刘宏君,局麻,A6,2022/5/10 9:00,第二手术部,三级,3,1-小时
2396341,ZY010001061949,1061949,住院,秦华,秦*,男,81,心脏大血管病中心,择期,无,胸部|,感染性心内膜炎(I33.000x004),,心脏病损切除术,37.3300x008,,唐程斌,全麻,B1,2022/5/10 9:00,心脏大血管病中心手术室,四级,1,5-小时
2396341,ZY010001061949,1061949,住院,秦华,秦*,男,81,心脏大血管病中心,择期,无,胸部|,感染性心内膜炎(I33.000x004),,主动脉瓣生物瓣膜置换术,35.2101,,唐程斌,全麻,B1,2022/5/10 9:00,心脏大血管病中心手术室,四级,1,5-小时
2396459,ZY010001061387,1061387,住院,李翠萍,李*萍,女,474,普外甲乳外科,择期,无,颈部|,甲状腺肿瘤(D44.001),,单侧甲状腺切除伴甲状腺峡部切除术,06.2x02,,章佳新,全麻,A5,2022/5/10 9:00,第一手术部,四级,1,1-小时
2396476,ZY010001059819,1059819,住院,唐静,唐*,女,79,妇科,择期,无,腹部|,左侧输卵管积水(N70.100x009),,腹腔镜检查,54.21,#NAME?,董乃俊,全麻,A2,2022/5/10 9:00,第一手术部,三级,2,1-小时
2396316,ZY010001058161,1058161,住院,谢桂英,谢*英,女,40,骨科创伤,择期,右,大腿部|,手术后切口感染(T81.406),,创面封闭式负压引流术（VSD),86.0401,,胡乐,会诊麻醉,A2,2022/5/10 9:00,第二手术部,一级,3,1-小时
2396316,ZY010001058161,1058161,住院,谢桂英,谢*英,女,40,骨科创伤,择期,右,大腿部|,手术后切口感染(T81.406),,伤口、感染或烧伤的切除性清创术,86.22,,胡乐,会诊麻醉,A2,2022/5/10 9:00,第二手术部,一级,3,1-小时
2396448,ZY010001059892,1059892,住院,陈峰,陈*,男,62,男科,择期,无,会阴部|,包皮过长(N47.x01),,包皮环切术,64.0x00,,刘凯峰,局麻,A2,2022/5/10 9:00,日间手术室,一级,2,1-小时
2396516,ZY010001055183,1055183,住院,季大明,季*明,男,33,普外血管外科,择期,右,大腿部|,下肢动脉硬化闭塞症伴坏疽(I70.200x073),左,下肢动脉球囊扩张成形术,39.5000x031,备支架植入术,陈兆雷,局麻+心电监护,A2,2022/5/10 9:00,第二手术部,四级,1,2-小时
2396517,ZY010001055183,1055183,住院,季大明,季*明,男,33,普外血管外科,择期,右,大腿部|,下肢动脉硬化闭塞症伴坏疽(I70.200x073),左,下肢动脉球囊扩张成形术,39.5000x031,备支架植入术,陈兆雷,局麻+心电监护,B2,2022/5/10 9:00,介入诊疗中心,四级,1,2-小时
2396482,ZY010001061741,1061741,住院,刘海燕,刘*燕,女,504,妇科,择期,无,|,取除子宫内节育器(Z30.503),,宫腔镜子宫内避孕器取出术,97.7102,,黄永生,静脉麻醉,C1,2022/5/10 10:00,第一手术部,三级,0,0.5-小时
2396342,ZY010001060417,1060417,住院,葛修斌,葛*斌,男,2,骨科脊柱,择期,无,腰部|,腰椎间盘突出(M51.202),,腰椎后柱融合术，后入路,81.0701,,王永祥,会诊麻醉,A2,2022/5/10 10:00,第一手术部,四级,1,2-小时
2396600,ZY010001059745,1059745,住院,马桃红,马*红,女,31,骨科关节,择期,右,膝部|,双侧膝关节骨性关节病(M17.900x003),右侧,全部膝关节置换,81.54,,颜连启,会诊麻醉,A2,2022/5/10 10:00,第一手术部,四级,1,2-小时
2396606,ZY010001059786,1059786,住院,张学清,张*清,男,27,普外血管外科,择期,右,大腿部|,下肢动脉硬化闭塞症(I70.204),左,下肢动脉球囊扩张成形术,39.5000x031,备支架、取栓、溶栓术,陈兆雷,局麻+心电监护,B3,2022/5/10 10:00,介入诊疗中心,四级,1,3-小时
2396484,ZY010001061367,1061367,住院,吴璇,吴*,女,880,妇科,择期,无,|,子宫内膜增厚(R93.803),,宫腔镜检查,68.1200x001,,黄永生,静脉麻醉,C3,2022/5/10 10:00,第一手术部,二级,0,0.5-小时
2396536,ZY010001059886,1059886,住院,张宝明,张*明,男,6,胃肠中心109,择期,无,腹部|,腹腔肿瘤(D48.714),,开腹探查术,54.11,,王道荣,全麻,A2,2022/5/10 10:00,第一手术部,二级,2,2-小时
2396211,ZY010001060973,1060973,住院,王云飞,王*飞,男,50,眼科,择期,右,眼部|,角膜穿通伤(S05.601),右眼,后入路玻璃体切割术,14.7401,,王健,局麻+心电监护,D8,2022/5/10 10:00,日间手术室,四级,2,1-小时
2396444,ZY010001061694,1061694,住院,戴晨熙,戴*熙,女,50,妇科,择期,无,腹部|,双侧输卵管积水(N70.100x007),,腹腔镜检查,54.21,#NAME?,董乃俊,全麻,A3,2022/5/10 10:00,第一手术部,三级,2,1-小时
2396696,ZY010001061809,1061809,住院,王信忠,王*忠,男,19,骨科关节,择期,左,髋部|,股骨颈骨折(S72.000),左侧,全髋关节置换,81.51,,孙钰,会诊麻醉,B2,2022/5/10 10:00,第一手术部,四级,1,2-小时
2396453,ZY010001056712,1056712,住院,何光亮,何*亮,男,793,男科,择期,无,会阴部|,包皮过长(N47.x01),,包皮环切术,64.0x00,,刘凯峰,局麻,A3,2022/5/10 10:00,日间手术室,一级,2,1-小时
2396199,ZY010001058791,1058791,住院,吴德美,吴*美,女,63,胸外科,择期,左,胸部|,孤立性肺结节(R91.x00x011),左上,胸腔镜下肺病损切除术,32.2003,,孙超,全麻,A2,2022/5/10 10:00,第一手术部,四级,2,2-小时
2396450,ZY010001060088,1060088,住院,尹丹,尹*,女,1171,妇科,择期,无,|,子宫内膜息肉(N84.001),,宫腔镜诊断性刮宫术,69.0902,,黄永生,静脉麻醉,C2,2022/5/10 10:00,第一手术部,三级,0,0.5-小时
2396524,ZY010001059966,1059966,住院,吕柏恒,吕*恒,男,43,胃肠中心109,择期,无,腹部|,胃恶性肿瘤(C16.900),,腹腔镜下胃切除术,43.9900x003,,王道荣,全麻,B2,2022/5/10 10:00,第一手术部,四级,2,2-小时
2396619,ZY010001059786,1059786,住院,张学清,张*清,男,27,普外血管外科,择期,右,大腿部|,下肢动脉硬化闭塞症(I70.204),左,下肢动脉球囊扩张成形术,39.5000x031,备支架、取栓、溶栓术,陈兆雷,局麻+心电监护,A3,2022/5/10 10:00,第二手术部,四级,1,3-小时
2396995,ZY010001058938,1058938,住院,童汝安,童*安,男,29,血液病科,临时,无,|,弥漫大B细胞淋巴瘤(C83.306),,颈内静脉穿刺中心静脉置管术,38.9302,,吕朋华,局麻+心电监护,B7,2022/5/10 10:00,介入诊疗中心,二级,0,1-小时
2396495,ZY010001059796,1059796,住院,任玉林,任*林,女,956,妇科,择期,无,|,子宫内膜息肉(N84.001),,宫腔镜诊断性刮宫术,69.0902,,黄永生,静脉麻醉,C4,2022/5/10 10:00,第一手术部,三级,0,0.5-小时
2396204,ZY010001059528,1059528,住院,祝九凤,祝*凤,女,12,胸外科,择期,右,胸部|,孤立性肺结节(R91.x00x011),右上,胸腔镜肺叶节段切除术,32.3,,陆世春,全麻,B2,2022/5/10 10:00,第一手术部,四级,2,2-小时
2396715,ZY010001057655,1057655,住院,屠永华,屠*华,女,11,普外血管外科,择期,左,大腿部|,髂静脉压迫综合征(I87.116),左,髂静脉支架置入术,39.9000x011,,陈兆雷,局麻+心电监护,A4,2022/5/10 11:00,第二手术部,三级,1,1-小时
2396456,ZY010001061521,1061521,住院,刘为明,刘*明,男,1,胃肠中心109,择期,无,腹部|,贲门恶性肿瘤(C16.000),,根治性胃切除术,43.9900x004,,赵伟,全麻,A2,2022/5/10 11:00,第一手术部,四级,2,2.5-小时
2396315,ZY010001058637,1058637,住院,朱仁余,朱*余,男,2183,胸外科,择期,左,胸部|,孤立性肺结节(R91.x00x011),左上,胸腔镜下肺叶切除术,32.41,,金卫国,全麻,C2,2022/5/10 11:00,第一手术部,四级,2,2-小时
2396699,ZY010001061743,1061743,住院,刘素勇,刘*勇,男,1703,神经外科506,择期,无,腰部|,椎管内占位性病变(G95.900x003),,椎管内病损切除术,03.0100x002,,张恒柱,全麻,A2,2022/5/10 11:00,第二手术部,四级,1,3-小时
2396498,ZY010001056710,1056710,住院,薛麟祥,薛*祥,男,543,男科,择期,无,会阴部|,包皮过长(N47.x01),,包皮环切术,64.0x00,,刘凯峰,局麻,A4,2022/5/10 11:00,日间手术室,一级,2,1-小时
2396702,ZY010001057655,1057655,住院,屠永华,屠*华,女,11,普外血管外科,择期,左,大腿部|,髂静脉压迫综合征(I87.116),左,髂静脉支架置入术,39.9000x011,,陈兆雷,局麻+心电监护,B4,2022/5/10 11:00,介入诊疗中心,三级,1,1-小时
2396737,ZY010001060723,1060723,住院,吴诗珠,吴*珠,男,49,眼科,择期,右,眼部|,硅油注入术后(Z54.000x035),右眼,玻璃体硅油取出术,14.6x02,,王健,局麻+心电监护,A6,2022/5/10 11:00,日间手术室,三级,1,1-小时
2396698,ZY010001058545,1058545,住院,王启瑞,王*瑞,男,18,骨科关节,择期,右,髋部|,髋关节退行性病变(M16.900x012),右侧,全髋关节置换,81.51,,孙钰,会诊麻醉,B3,2022/5/10 12:00,第一手术部,四级,1,2-小时
2396742,ZY010001060910,1060910,住院,赵武杰,赵*杰,男,17,眼科,临时,右,眼部|,硅油注入术后(Z54.000x035),右眼,玻璃体硅油取出术,14.6x02,,王健,局麻+心电监护,A5,2022/5/10 12:00,日间手术室,三级,1,1-小时
2396706,ZY010001059847,1059847,住院,夏梅香,夏*香,女,15,骨科脊柱,择期,无,腰部|,腰椎椎管狭窄(M48.005),,腰椎后柱融合术，后入路,81.0701,,陶玉平,会诊麻醉,C2,2022/5/10 12:00,第一手术部,四级,1,2-小时
2396620,ZY010001061153,1061153,住院,于开田,于*田,男,20,骨科关节,择期,右,髋部|,股骨头无菌性坏死(M87.002),右侧,全髋关节置换,81.51,,颜连启,会诊麻醉,A3,2022/5/10 12:00,第一手术部,四级,1,2-小时
2396493,ZY010001060621,1060621,住院,芦小江,芦*江,男,26,胃肠中心309,择期,无,腹部|,肠梗阻(K56.700),,腹腔镜检查,54.21,备右半结肠切除术,王道荣,全麻,A3,2022/5/10 13:00,第一手术部,三级,2,2-小时
2396716,ZY010001059850,1059850,住院,吴爱铭,吴*铭,女,22,骨科关节,择期,右,髋部|,骨肿瘤(D48.001),右侧,股骨病损切除术,77.6501,,孙钰,会诊麻醉,B4,2022/5/10 14:00,第一手术部,二级,1,2-小时
2396596,ZY010001061785,1061785,住院,马广忠,马*忠,男,52,胆胰内科,择期,无,|,胰腺占位性病变(R93.302),,内镜下胆管支架置入术,51.8700x003,,邓登豪,静脉麻醉,D3,2022/5/10 14:00,内镜手术室,四级,0,1-小时
2396622,ZY010001059875,1059875,住院,李桂芝,李*芝,女,12,骨科关节,择期,右,髋部|,股骨头无菌性坏死(M87.002),右侧,全髋关节置换,81.51,,颜连启,会诊麻醉,A4,2022/5/10 14:00,第一手术部,四级,1,2-小时
2396655,ZY010001061007,1061007,住院,杨金林,杨*林,女,19,胆胰内科,择期,无,|,胆管结石(K80.500x002),,内镜下胆管碎石取石术,51.8800x009,,邓登豪,静脉麻醉,D4,2022/5/10 15:00,内镜手术室,四级,0,1-小时
2396494,ZY010001061749,1061749,住院,弓生玲,弓*玲,女,32,胆胰内科,择期,无,|,胆管结石伴有胆管炎(K80.300),,内镜下胆管碎石取石术,51.8800x009,,邓登豪,静脉麻醉,D1,2022/5/10 15:00,内镜手术室,四级,0,1-小时
2396599,ZY010001061056,1061056,住院,王洁,王*,女,40,胆胰内科,择期,无,|,胆总管结石伴胆管炎(K80.302),,内镜下胆管碎石取石术,51.8800x009,,邓登豪,静脉麻醉,D2,2022/5/10 15:00,内镜手术室,四级,0,1-小时
2396705,ZY010001061511,1061511,住院,唐春桃,唐*桃,男,38,胆胰内科,择期,无,|,胆管结石伴有胆管炎(K80.300),,内镜下胆管碎石取石术,51.8800x009,,邓登豪,静脉麻醉,D5,2022/5/10 15:00,内镜手术室,四级,0,1-小时
2396624,ZY010001062138,1062138,住院,周坚卫,周*卫,男,10,心内科206,择期,双,股部|,冠状动脉粥样硬化(I25.102),,经导管主动脉瓣植入术,35.0501,,纪军,全麻,B6,2022/5/10 15:00,介入诊疗中心,四级,1,2-小时
2396607,ZY010001059820,1059820,住院,管小灵,管*灵,女,16,骨科关节,择期,右,髋部|,股骨颈骨折(S72.000),右侧,全髋关节置换,81.51,,颜连启,会诊麻醉,A5,2022/5/10 16:00,第一手术部,四级,1,2-小时
2396712,ZY010001058484,1058484,住院,陆新胜,陆*胜,女,1030,骨科关节,择期,右,膝部|,取出内固定装置(Z47.000x002),右侧,髌骨内固定装置去除术,78.6601,,孙钰,会诊麻醉,B6,2022/5/10 18:00,第一手术部,二级,1,2-小时
