﻿申请号,住院流水号,住院号,类别,姓名,性别,床号,申请科室,手术类别,部位,部位名称,诊断,手术前缀,手术名称,手术编码3.0,手术后缀,手术者,麻醉方式,台序,拟手术日期,手术室,手术级别,切口类型,预估手术时长
2362172,ZY010001042739,1042739,住院,徐*莲,女,R11,RICU,择期,右,髋部|,股骨骨折(S72.900),右,股骨骨折切开复位内固定术,79.3501,,王骅,会诊麻醉,A1,2022/3/30 8:00,第二手术部,四级,1,2-小时
2362577,ZY010001046303,1046303,住院,阮*梁,男,32,肛肠科,临时,无,肛门部|,肛瘘(K60.300),,肛门瘘管切除术,49.12,,朱传想,局麻,A1,2022/3/30 8:00,肛肠科手术室,二级,3,1-小时
2362315,ZY010001045403,1045403,住院,许*,女,69,运动医学科,择期,左,上臂|,肩袖损伤(S46.002),左侧,肩关节镜下肩袖修补术,81.8300x008,,卢耀甲,会诊麻醉,C2,2022/3/30 8:00,日间手术室,四级,1,1-小时
2362456,ZY010001047144,1047144,住院,李*兰,女,38,妇科,择期,无,腹部|,绝经后出血(N95.000),,经腹全子宫切除术,68.4901,#NAME?,尹香花,会诊麻醉,A1,2022/3/30 8:00,第一手术部,四级,2,4-小时
2362462,ZY010001044967,1044967,住院,李*萍,女,21,眼科,择期,右,眼部|,眼眶肿物(H05.901),右眼,眼眶病损切除术,16.92,,叶东升,局麻,C7,2022/3/30 8:00,日间手术室,三级,1,1-小时
2362516,ZY010001044961,1044961,住院,张*丽,女,33,妇科,择期,无,腹部|,卵巢囊肿(N83.201),,开腹探查术,54.11,,黄永生,全麻,B1,2022/3/30 8:00,第一手术部,二级,2,2-小时
2362516,ZY010001044961,1044961,住院,张*丽,女,33,妇科,择期,无,腹部|,卵巢囊肿(N83.201),,诊断性刮宫术,69.0901,,黄永生,全麻,B1,2022/3/30 8:00,第一手术部,二级,2,2-小时
2362458,ZY010001045633,1045633,住院,冯*宝,男,28,耳鼻咽喉头颈外科,择期,双,咽部|,阻塞性睡眠呼吸暂停综合征(G47.301),,腭咽成形术,27.6902,,于爱民,全麻,A1,2022/3/30 8:00,第一手术部,三级,2,2-小时
2362458,ZY010001045633,1045633,住院,冯*宝,男,28,耳鼻咽喉头颈外科,择期,双,咽部|,阻塞性睡眠呼吸暂停综合征(G47.301),,扁桃体伴腺样体等离子切除术,28.3x03,,于爱民,全麻,A1,2022/3/30 8:00,第一手术部,三级,2,2-小时
2362376,ZY010001046840,1046840,住院,焦*春,男,41,心内科206,临时,右,手|,冠状动脉粥样硬化性心脏病(I25.103),,单根导管的冠状动脉造影术,88.55,,纪军,局麻+心电监护,A3,2022/3/30 8:00,介入诊疗中心,三级,1,1-小时
2362260,ZY010001044963,1044963,住院,彭*情,女,37,运动医学科,择期,右,上臂|,肩袖损伤(S46.002),右侧,肩关节镜下肩袖修补术,81.8300x008,,费文勇,会诊麻醉,A1,2022/3/30 8:00,日间手术室,四级,1,1-小时
2362342,ZY010001045986,1045986,住院,王*红,女,22,妇科,择期,无,|,子宫平滑肌瘤(D25.900),,腹腔镜经腹全子宫切除术,68.41,,顾建娟,全麻,C1,2022/3/30 8:00,第一手术部,四级,2,2-小时
2362457,ZY010001044885,1044885,住院,严*莲,女,12,眼科,择期,左,眼部|,黄斑前膜(H35.306),左眼,后入路玻璃体切割术,14.7401,#NAME?,叶东升,局麻,B8,2022/3/30 8:00,日间手术室,四级,1,1.5-小时
2362343,ZY010001046349,1046349,住院,李*华,女,598,眼科,择期,右,眼部|,老年性白内障(H25.900),右眼,白内障超声乳化抽吸术,13.4100x001,#NAME?,叶东升,局麻,B7,2022/3/30 8:00,日间手术室,三级,1,0.2-小时
2362578,ZY010001047082,1047082,住院,施*印,男,29,肛肠科,临时,无,|,肛门直肠脓肿(K61.200),,肛周脓肿切除术,49.0401,,朱传想,局麻,B3,2022/3/30 8:00,肛肠科手术室,二级,3,1-小时
2362460,ZY010001045845,1045845,住院,吴*,男,16,耳鼻咽喉头颈外科,择期,双,鼻部|,慢性鼻窦炎(J32.900),双侧,内镜下鼻内病损切除术,21.3104,,于爱民,全麻,A3,2022/3/30 8:00,第一手术部,四级,2,2-小时
2362460,ZY010001045845,1045845,住院,吴*,男,16,耳鼻咽喉头颈外科,择期,双,鼻部|,慢性鼻窦炎(J32.900),双侧,内镜下鼻窦病损切除术,22.6002,,于爱民,全麻,A3,2022/3/30 8:00,第一手术部,四级,2,2-小时
2362461,ZY010001047064,1047064,住院,顾*华,女,1030,耳鼻咽喉头颈外科,择期,右,咽部|,声带息肉(J38.102),右侧,内镜下声带病损切除术,30.0905,,于爱民,全麻,A4,2022/3/30 8:00,第一手术部,三级,2,0.5-小时
2362261,ZY010001045623,1045623,住院,许*志,男,691,泌尿外科,择期,无,|,泌尿道感染(N39.000),,输尿管镜检查,56.31,,俞俊杰,会诊麻醉,D8,2022/3/30 8:00,第一手术部,二级,0,1-小时
2362465,ZY010001041703,1041703,住院,王*如,男,27,介入放射科,择期,无,|,血小板减少(D69.600),,气管支架置入,96.0500x001,,王书祥,全麻,A3,2022/3/30 8:00,介入诊疗中心,四级,0,1-小时
2362255,ZY010001046180,1046180,住院,许*璜,男,41,胃肠中心109,择期,无,腹部|,贲门恶性肿瘤(C16.000),根治性,腹腔镜下胃切除术,43.9900x003,,王道荣,全麻,A1,2022/3/30 8:00,第一手术部,四级,2,2-小时
2362263,ZY010001046122,1046122,住院,唐*付,男,514,泌尿外科,择期,无,|,前列腺增生(N40.x00),,超声引导下前列腺穿刺活检,60.1100x002,,朱良勇,局麻,D8,2022/3/30 8:00,内镜手术室,二级,2,1-小时
2362174,ZY010001044773,1044773,住院,马*,男,38,心内科306,择期,无,|,心房颤动(I48.x01),,心脏射频消融术,37.3302,,鲍正宇,局麻+心电监护,C3,2022/3/30 8:00,介入诊疗中心,四级,1,1-小时
2362235,ZY010001045374,1045374,住院,嵇*英,女,31,烧伤整形外科,择期,左,足部|,低蛋白血症(E77.801),左足扩创+,创面封闭式负压引流术（VSD),86.0401,,周杰,会诊麻醉,A1,2022/3/30 8:00,烧伤整形外科手术室,三级,1,1-小时
2362238,ZY010001044505,1044505,住院,田*军,男,1849,普外甲乳外科,择期,无,颈部|,甲状腺结节(E04.101),,甲状腺大部切除术,6.3901,,何春兰,全麻,A3,2022/3/30 8:00,第一手术部,三级,1,1-小时
2362855,ZY010001046610,1046610,住院,倪*,女,477,普外甲乳外科,临时,右,胸部|,乳房肿块(N63.x00),右侧,乳腺局部扩大切除术,85.2300x001,,邵稳喜,全麻,A2,2022/3/30 8:00,急诊手术室,三级,1,2-小时
2362380,ZY010001038466,1038466,住院,朱*兰,女,1,烧伤整形外科,择期,右,会阴部|,嵌顿性腹股沟疝(K40.312),右腹股沟扩创+,创面封闭式负压引流术（VSD),86.0401,#NAME?,刘亦峰,腰麻,C1,2022/3/30 8:00,烧伤整形外科手术室,三级,3,1.5-小时
2362440,ZY010001042651,1042651,住院,宋*秀,女,59,骨科脊柱,择期,无,颈部|,颈椎病(M47.900x021),,颈椎前路椎管减压术,03.0900x005,,冯新民,会诊麻醉,A2,2022/3/30 8:00,第一手术部,四级,1,2-小时
2362237,ZY010001046965,1046965,住院,詹*,男,22,普外疝儿外科,择期,右,|,单侧腹股沟疝(K40.900x002),,腹腔镜下单侧腹股沟斜疝疝囊高位结扎术,53.0204,,屠义梅,全麻,A1,2022/3/30 8:00,第一手术部,三级,1,1-小时
2362467,ZY010001046293,1046293,住院,严*飞,男,1548,泌尿外科,择期,无,|,包皮过长(N47.x01),,包皮环切术,64.0x00,,俞俊杰,局麻,D7,2022/3/30 8:00,第一手术部,一级,2,2-小时
2362159,ZY010001042264,1042264,住院,孙*和,男,69,胸外科,择期,右,胸部|,肺恶性肿瘤(C34.900x001),右上肺,肺叶切除术,32.4902,,贺建胜,全麻,B1,2022/3/30 8:00,第一手术部,四级,2,3-小时
2362715,ZY010001047484,1047484,住院,刘*才,男,20,泌尿外科,临时,右,|,膀胱肿瘤(D41.401),右侧,输尿管支架置换术,59.9901,,王业华,无麻醉,A3,2022/3/30 8:00,第一手术部,二级,0,1-小时
2362157,ZY010001043739,1043739,住院,姚*红,女,7,普外甲乳外科,择期,右,胸部|,乳腺肿瘤(D48.601),,静脉输液港植入术,86.0701,,章佳新,局麻,A1,2022/3/30 8:00,第一手术部,四级,1,1-小时
2362155,ZY010001046035,1046035,住院,赵*花,女,2156,普外甲乳外科,择期,右,颈部|,颈淋巴结肿大(R59.005),右,深部颈淋巴结切除术,40.21,,祝玉祥,局麻,A1,2022/3/30 8:00,日间手术室,三级,1,1-小时
2362439,ZY010001044723,1044723,住院,张*兰,女,1529,口腔科,择期,左,口腔|,唇肿瘤(D37.001),左下唇,口腔病损切除术,27.4906,,何海波,全麻,B1,2022/3/30 8:00,第一手术部,三级,2,1-小时
2362335,ZY010001046942,1046942,住院,朱*英,女,766,眼科,择期,右,眼部|,翼状胬肉(H11.000),右眼翼状胬肉切除+,自体结膜移植术,10.4401,,赵明,局麻,C8,2022/3/30 8:00,日间手术室,三级,1,0.3-小时
2362236,ZY010001045156,1045156,住院,吕*红,女,29,普外甲乳外科,择期,右,胸部|,乳房肿块(N63.x00),右,乳腺局部扩大切除术,85.2300x001,,何春兰,全麻,A1,2022/3/30 8:00,第一手术部,三级,1,3-小时
2362435,ZY010001044764,1044764,住院,韩*,男,25,骨科脊柱,择期,无,腰部|,腰椎间盘突出(M51.202),,腰椎后柱融合术，后入路,81.0701,,冯新民,会诊麻醉,B1,2022/3/30 8:00,第一手术部,四级,1,2-小时
2362796,ZY010001046608,1046608,住院,殷*娣,女,648,普外甲乳外科,临时,右,胸部|,乳房肿块(N63.x00),右侧,乳腺局部扩大切除术,85.2300x001,,邵稳喜,局麻,A1,2022/3/30 8:00,急诊手术室,三级,1,1-小时
2362166,ZY010001044739,1044739,住院,杨*,男,9,泌尿外科,择期,无,|,输尿管肿瘤(D41.201),,膀胱镜检查,57.3200x001,备电切,姚浩,会诊麻醉,A1,2022/3/30 8:00,第一手术部,一级,0,1-小时
2362156,ZY010001046295,1046295,住院,蔡*萍,女,1251,普外甲乳外科,择期,左,胸部|,乳房结节(N63.x01),左,乳腺局部扩大切除术,85.2300x001,,祝玉祥,局麻,A4,2022/3/30 8:00,日间手术室,三级,1,1-小时
2362170,ZY010001044748,1044748,住院,史*翔,男,11,泌尿外科,择期,无,|,前列腺增生(N40.x00),,经尿道前列腺切除术（TURP）,60.2902,备HOLEP,姚浩,会诊麻醉,A2,2022/3/30 8:00,第一手术部,三级,0,2-小时
2362341,ZY010001044487,1044487,住院,徐*福,男,37,创伤中心2,择期,双,小腿部|,脑挫伤(S06.202),双侧,胫骨骨折切开复位钢板内固定术,79.3600x013,,王骅,会诊麻醉,A2,2022/3/30 8:00,第二手术部,四级,1,3-小时
2362466,ZY010001046310,1046310,住院,王*香,女,68,普外甲乳外科,择期,无,颈部|,甲状腺结节(E04.101),,单侧甲状腺切除伴甲状腺峡部切除术,06.2x02,,祝玉祥,全麻,B1,2022/3/30 8:00,第一手术部,四级,1,2-小时
2362338,ZY010001041644,1041644,住院,池*梅,女,10,临床心理科,择期,无,|,双相情感障碍(F31.900x001),,亚抽搐电休克治疗,94.26,,董丽平,全麻,A1,2022/3/30 8:00,第一手术部,,0,2-小时
2362437,ZY010001046692,1046692,住院,张*礼,男,3023,神经外科506,择期,右,头部|,三叉神经痛(G50.000),右侧,经皮三叉神经半月节球囊压迫术,04.4100x004,,张恒柱,全麻,D1,2022/3/30 8:00,第二手术部,三级,1,1-小时
2362340,ZY010001045728,1045728,住院,陈*兰,女,51,眼科,择期,左,眼部|,玻璃体积血(H43.100),左眼,后入路玻璃体切割术,14.7401,#NAME?,叶东升,局麻+心电监护,D8,2022/3/30 8:00,日间手术室,四级,1,1-小时
2362256,ZY010001044259,1044259,住院,张*胜,男,3,泌尿外科,择期,无,|,前列腺增生(N40.x00),,超声引导下前列腺穿刺活检,60.1100x002,,朱良勇,局麻,A2,2022/3/30 8:00,内镜手术室,二级,2,1-小时
2362344,ZY010001043357,1043357,住院,王*玉,女,8,神经外科506,择期,右,头部|,颅内继发恶性肿瘤(C79.300x011),,神经导航下颅内病灶切除术,1.5936,,张恒柱,全麻,A1,2022/3/30 8:00,第二手术部,四级,1,3-小时
2362464,ZY010001041703,1041703,住院,王*如,男,27,介入放射科,择期,无,|,血小板减少(D69.600),,气管支架置入,96.0500x001,,王书祥,全麻,A2,2022/3/30 8:00,第二手术部,四级,0,1-小时
2362295,ZY010001045283,1045283,住院,柳*宽,男,88,泌尿外科,择期,无,|,前列腺增生(N40.x00),,超声引导下前列腺穿刺活检,60.1100x002,,丁雪飞,局麻,A1,2022/3/30 8:00,内镜手术室,二级,2,0.5-小时
2362459,ZY010001046573,1046573,住院,陈*松,男,18,耳鼻咽喉头颈外科,择期,双,咽部|,阻塞性睡眠呼吸暂停综合征(G47.301),,腭咽成形术,27.6902,,于爱民,全麻,A2,2022/3/30 8:00,第一手术部,四级,2,2-小时
2362459,ZY010001046573,1046573,住院,陈*松,男,18,耳鼻咽喉头颈外科,择期,双,咽部|,阻塞性睡眠呼吸暂停综合征(G47.301),,扁桃体等离子切除术,28.2x03,,于爱民,全麻,A2,2022/3/30 8:00,第一手术部,四级,2,2-小时
2362168,ZY010001046980,1046980,住院,王*照,男,52,骨科脊柱,择期,无,腰部|,腰椎骨折(S32.000),,经皮椎体增强,81.66,,杨建东,会诊麻醉,A1,2022/3/30 8:00,第一手术部,四级,1,1-小时
2362240,ZY010001044617,1044617,住院,陈*琴,女,746,普外甲乳外科,择期,无,颈部|,甲状腺肿瘤(D44.001),,甲状腺大部切除术,6.3901,,何春兰,全麻,A4,2022/3/30 8:00,第一手术部,三级,1,1-小时
2362517,ZY010001043783,1043783,住院,徐*清,男,27,肝脾外科,择期,右,|,肝肿瘤(D37.601),,部分肝切除术,50.22,,丁向民,全麻,A1,2022/3/30 8:00,第一手术部,三级,2,3-小时
2362517,ZY010001043783,1043783,住院,徐*清,男,27,肝脾外科,择期,右,|,肝肿瘤(D37.601),,胆囊切除术,51.22,,丁向民,全麻,A1,2022/3/30 8:00,第一手术部,三级,2,3-小时
2362524,ZY010001045825,1045825,住院,周*红,女,22,眼科,择期,右,|,急性闭角型青光眼(H40.200x002),右眼,白内障超声乳化抽吸术,13.4100x001,#NAME?,赵明,局麻+心电监护,B6,2022/3/30 8:00,日间手术室,三级,1,0.5-小时
2362436,ZY010001045682,1045682,住院,陆*平,男,25,骨科关节,择期,右,膝部|,单侧膝关节骨性关节病(M17.900x004),右侧,全部膝关节置换,81.54,,颜连启,会诊麻醉,A1,2022/3/30 8:00,第一手术部,四级,1,2-小时
2362422,ZY010001045736,1045736,住院,李*保,男,47,胃肠中心109,择期,无,腹部|,胃肿瘤(D37.101),,根治性胃切除术,43.9900x004,,石磊,全麻,B1,2022/3/30 8:00,第一手术部,四级,2,2-小时
2362656,ZY010001047121,1047121,住院,王*安,男,45,眼科,临时,右,|,并发性白内障(H26.200),右眼,白内障超声乳化抽吸术,13.4100x001,#NAME?,赵明,局麻+心电监护,D8,2022/3/30 8:00,日间手术室,三级,1,0.3-小时
2362230,ZY010001046784,1046784,住院,王*顺,男,39,泌尿外科,择期,无,|,前列腺恶性肿瘤(C61.x00),,超声引导下前列腺穿刺活检,60.1100x002,,朱良勇,局麻,A1,2022/3/30 8:00,内镜手术室,二级,2,1-小时
2362175,ZY010001046242,1046242,住院,马*,女,402,普外甲乳外科,择期,左,颈部|,颈淋巴结肿大(R59.005),左,深部颈淋巴结切除术,40.21,,祝玉祥,局麻,A2,2022/3/30 8:00,日间手术室,三级,1,1-小时
2362496,ZY010001045756,1045756,住院,吴*兵,男,164,耳鼻咽喉头颈外科,择期,双,咽部|,声带白斑(J38.301),双侧,内镜下声带病损切除术,30.0905,（备等离子）,于爱民,全麻,A6,2022/3/30 8:00,第一手术部,三级,2,1-小时
2362426,ZY010001044911,1044911,住院,周*太,男,12,骨科脊柱,择期,无,腰部|,腰椎间盘突出(M51.202),,内镜下腰椎髓核切除术,80.5111,,冯新民,会诊麻醉,A3,2022/3/30 8:00,第一手术部,四级,1,1-小时
2362434,ZY010001045743,1045743,住院,夏*云,女,5,眼科,择期,右,|,硅油注入术后(Z54.000x035),右眼,玻璃体硅油取出术,14.6x02,,赵明,局麻+心电监护,A1,2022/3/30 8:00,日间手术室,三级,1,1-小时
2362223,ZY010001044417,1044417,住院,张*英,女,3031,普外甲乳外科,择期,无,颈部|,甲状腺结节(E04.101),,甲状腺大部切除术,6.3901,,何春兰,全麻,A2,2022/3/30 8:00,第一手术部,三级,1,1-小时
2362495,ZY010001044861,1044861,住院,殷*燕,女,43,骨科脊柱,择期,无,腰部|,腰椎间盘突出(M51.202),,内镜下腰椎髓核切除术,80.5111,备IC设备,冯新民,会诊麻醉,A1,2022/3/30 8:00,第一手术部,四级,1,1-小时
2362222,ZY010001044308,1044308,住院,杨*宝,男,33,胃肠中心309,择期,无,腹部|,直肠恶性肿瘤(C20.x00),机器人援助下,腹腔镜下直肠根治术,48.6900x002,,王道荣,全麻,B1,2022/3/30 8:00,第一手术部,四级,2,2-小时
2362423,ZY010001046692,1046692,住院,张*礼,男,3023,神经外科506,择期,右,头部|,三叉神经痛(G50.000),,经皮三叉神经半月节球囊压迫术,04.4100x004,,张恒柱,全麻,D2,2022/3/30 8:00,介入诊疗中心,三级,1,1-小时
2362427,ZY010001041695,1041695,住院,马*,女,28,口腔科,择期,右,口腔|,先天性鳃裂囊肿(Q18.002),右颈部,口腔病损切除术,27.4906,,何海波,全麻,B3,2022/3/30 8:00,第一手术部,三级,1,2-小时
2362294,ZY010001046664,1046664,住院,孙*江,男,62,泌尿外科,择期,无,|,血尿(R31.x00),,膀胱镜检查,57.3200x001,,王业华,会诊麻醉,A2,2022/3/30 8:00,第一手术部,二级,2,1-小时
2362294,ZY010001046664,1046664,住院,孙*江,男,62,泌尿外科,择期,无,|,血尿(R31.x00),,超声引导下前列腺穿刺活检,60.1100x002,,王业华,会诊麻醉,A2,2022/3/30 8:00,第一手术部,二级,2,1-小时
2362224,ZY010001045843,1045843,住院,李*莲,女,21,骨科脊柱,择期,左,踝部|,脊柱骨折(T08.x00),左,胫骨骨折切开复位内固定术,79.3601,,韩奎敬,会诊麻醉,D1,2022/3/30 8:00,第二手术部,四级,1,3-小时
2362424,ZY010001046761,1046761,住院,夏*,男,8,口腔科,择期,左,口腔|,颧骨和上颌骨骨折(S02.400),左颧骨和,颧弓骨折切开复位术,76.7200x001,,何海波,全麻,B4,2022/3/30 8:00,第一手术部,三级,2,2-小时
2362424,ZY010001046761,1046761,住院,夏*,男,8,口腔科,择期,左,口腔|,颧骨和上颌骨骨折(S02.400),左颧骨和,上颌骨骨折切开复位内固定术,76.7401,,何海波,全麻,B4,2022/3/30 8:00,第一手术部,三级,2,2-小时
2362359,ZY010001047133,1047133,住院,印*,男,844,眼科,择期,右,眼部|,老年性白内障(H25.900),右眼,白内障超声乳化抽吸术,13.4100x001,#NAME?,赵明,局麻,D2,2022/3/30 8:00,日间手术室,三级,1,0.3-小时
2362095,ZY010001043579,1043579,住院,曹*朋,男,2044,眼科,择期,右,眼部|,共同性外斜视(H50.100x002),右眼,一条眼外肌的悬吊术,15.2901,（外直肌）+内直肌缩短术,王雅坤,全麻,A1,2022/3/30 8:00,日间手术室,四级,1,1-小时
2362355,ZY010001041946,1041946,住院,周*锋,男,1302,泌尿外科,择期,无,|,包茎(N47.x00x001),,包皮环切术,64.0x00,,俞俊杰,会诊麻醉,A4,2022/3/30 8:00,第一手术部,一级,2,0.5-小时
2362538,ZY010001045994,1045994,住院,朱*莉,女,50,骨科手足,择期,左,足部|,跗骨骨折(S92.200x001),左足,跗骨骨折切开复位内固定术,79.3701,,张乃臣,腰麻,A1,2022/3/30 8:00,第二手术部,四级,1,1-小时
2362425,ZY010001044857,1044857,住院,关*军,男,60,胃肠中心309,择期,无,腹部|,乙状结肠恶性肿瘤(C18.700),,腹腔镜下肝部分切除术,50.2205,,乔唐,全麻,C1,2022/3/30 8:00,第一手术部,四级,2,3-小时
2362425,ZY010001044857,1044857,住院,关*军,男,60,胃肠中心309,择期,无,腹部|,乙状结肠恶性肿瘤(C18.700),,腹腔镜乙状结肠切除术,17.36,,乔唐,全麻,C1,2022/3/30 8:00,第一手术部,四级,2,3-小时
2362535,ZY010001045620,1045620,住院,郑*海,男,48,泌尿外科,择期,左,|,睾丸鞘膜积液(N43.301),,睾丸鞘膜翻转术,61.4904,,俞俊杰,会诊麻醉,A6,2022/3/30 8:00,第一手术部,一级,2,2-小时
2362432,ZY010001044486,1044486,住院,江*萍,女,1030,泌尿外科,择期,双,|,肾积水伴输尿管结石(N13.202),,经尿道输尿管镜肾盂激光碎石术,56.0x00x006,（软镜）,俞俊杰,全麻,A5,2022/3/30 8:00,第一手术部,三级,0,3-小时
2362185,ZY010001045083,1045083,住院,佴*云,女,1037,普外甲乳外科,择期,无,颈部|,甲状腺肿瘤(D44.001),,单侧甲状腺切除伴甲状腺峡部切除术,06.2x02,备甲状腺全部切除术,符德元,全麻,A1,2022/3/30 8:00,第一手术部,四级,1,1.5-小时
2362360,ZY010001044840,1044840,住院,马*叶,男,59,胃肠中心309,择期,无,腹部|,乙状结肠肿瘤(D37.409),,腹腔镜下乙状结肠部分切除术,17.3600x001,,石磊,全麻,A1,2022/3/30 8:00,第一手术部,四级,2,2-小时
2362288,ZY010001044100,1044100,住院,吴*怡,女,18,临床心理科,择期,无,|,双相情感障碍(F31.900x001),,亚抽搐电休克治疗,94.26,,董丽平,全麻,B5,2022/3/30 8:00,第一手术部,,0,2-小时
2362417,ZY010001046487,1046487,住院,陆*红,女,50,肾脏内科,择期,左,上臂|,慢性肾脏病5期(N18.001),左上肢,为肾透析的人工血管造瘘术,39.2700x003,,牟洪宾,臂丛麻醉,A4,2022/3/30 8:00,第一手术部,三级,1,2-小时
2362283,ZY010001046227,1046227,住院,汪*传,男,527,泌尿外科,择期,无,|,膀胱结石(N21.000),,经尿道膀胱镜膀胱激光碎石术,57.0x00x007,,俞俊杰,会诊麻醉,A3,2022/3/30 8:00,第一手术部,三级,0,1.5-小时
2362596,ZY010001045839,1045839,住院,华*瑞,男,17,眼科,临时,左,|,急性闭角型青光眼(H40.200x002),左眼,白内障超声乳化抽吸术,13.4100x001,#NAME?,赵明,局麻+心电监护,C3,2022/3/30 8:00,日间手术室,三级,1,0.5-小时
2362539,ZY010001045908,1045908,住院,马*玉,女,27,眼科,择期,左,眼部|,青光眼(H40.900),左眼,白内障超声乳化抽吸术,13.4100x001,#NAME?,赵明,局麻+心电监护,D5,2022/3/30 8:00,日间手术室,三级,1,0.5-小时
2362182,ZY010001044996,1044996,住院,郭*,男,61,骨科创伤,择期,左,小腿部|,胫腓骨干骨折(S82.201),左,胫骨骨折切开复位内固定术,79.3601,,方永超,会诊麻醉,A1,2022/3/30 8:00,第一手术部,四级,1,1.5-小时
2362289,ZY010001045833,1045833,住院,万*平,女,23,心脏大血管病中心,择期,无,胸部|,升主动脉瘤(I71.201),,升主动脉部分切除伴人工血管置换术,38.4500x013,,唐程斌,全麻,A1,2022/3/30 8:00,心脏大血管病中心手术室,四级,1,3-小时
2362419,ZY010001044484,1044484,住院,陈*梅,女,934,口腔科,择期,左,口腔|,舌肿物(K14.901),左舌,口腔病损切除术,27.4906,,何海波,全麻,B2,2022/3/30 8:00,第一手术部,三级,2,1-小时
2362475,ZY010001046882,1046882,住院,陈*党,女,20,耳鼻咽喉头颈外科,择期,右,咽部|,声带肿物(J38.308),右侧,内镜下声带病损切除术,30.0905,,于爱民,全麻,A5,2022/3/30 8:00,第一手术部,三级,2,0.5-小时
2362815,ZY010001046188,1046188,住院,杨*和,男,3011,烧伤整形外科,临时,左,头部|,皮肤肿物(R22.903),左面部肿物切除+,皮瓣转移术,86.700x0014,,练慧斌,局麻,A5,2022/3/30 8:00,烧伤整形外科手术室,四级,1,1-小时
2362226,ZY010001044556,1044556,住院,夏*英,女,1857,普外甲乳外科,择期,无,颈部|,甲状腺结节(E04.101),,甲状腺大部切除术,6.3901,,何春兰,全麻,A5,2022/3/30 8:00,第一手术部,三级,1,1-小时
2362476,ZY010001047154,1047154,住院,黄*琴,女,71,骨科创伤,择期,左,上臂|,锁骨骨折(S42.000),左,锁骨骨折切开复位内固定术,79.3904,,方永超,会诊麻醉,A3,2022/3/30 8:00,第一手术部,四级,1,2-小时
2362280,ZY010001046127,1046127,住院,崔*珍,女,21,普外血管外科,择期,右,颈部|,颈动脉狭窄(I65.200x001),右,颈动脉内膜切除伴补片修补术,38.1202,,陈兆雷,全麻,A1,2022/3/30 8:00,第二手术部,四级,1,2.5-小时
2362280,ZY010001046127,1046127,住院,崔*珍,女,21,普外血管外科,择期,右,颈部|,颈动脉狭窄(I65.200x001),右,颈内动脉成形术,39.5900x006,,陈兆雷,全麻,A1,2022/3/30 8:00,第二手术部,四级,1,2.5-小时
2362292,ZY010001043353,1043353,住院,马*莲,女,23,泌尿外科,择期,无,|,肾积水伴输尿管结石(N13.202),,腹腔镜下输尿管狭窄松解术,59.0301,,俞俊杰,全麻,A1,2022/3/30 8:00,第一手术部,四级,2,4-小时
2362292,ZY010001043353,1043353,住院,马*莲,女,23,泌尿外科,择期,无,|,肾积水伴输尿管结石(N13.202),,输尿管镜检查,56.31,,俞俊杰,全麻,A1,2022/3/30 8:00,第一手术部,四级,2,4-小时
2362176,ZY010001046246,1046246,住院,陈*,女,1844,普外甲乳外科,择期,左,胸部|,乳房肿块(N63.x00),左,乳腺局部扩大切除术,85.2300x001,,祝玉祥,局麻,A3,2022/3/30 8:00,日间手术室,三级,1,1-小时
2362502,ZY010001046370,1046370,住院,王*,女,17,妇科,择期,无,阴道|,子宫瘢痕处妊娠(O00.807),,终止妊娠刮宫术,69.0101,,黄永生,会诊麻醉,B2,2022/3/30 8:00,第一手术部,一级,0,0.5-小时
2362537,ZY010001042255,1042255,住院,戴*美,男,17,重症医学科,择期,右,小腿部|,多处损伤(T07.x00),右,胫骨骨折切开复位内固定术,79.3601,,王骅,会诊麻醉,B2,2022/3/30 8:00,第二手术部,三级,1,4-小时
2362537,ZY010001042255,1042255,住院,戴*美,男,17,重症医学科,择期,右,小腿部|,多处损伤(T07.x00),右,腓骨骨折切开复位内固定术,79.3602,,王骅,会诊麻醉,B2,2022/3/30 8:00,第二手术部,三级,1,4-小时
2362835,ZY010001047401,1047401,住院,陈*平,女,52,肛肠科,临时,双,肛门部|,混合痔(I84.201),,肛门成形术,49.7903,,郭佳,局麻,B5,2022/3/30 8:00,肛肠科手术室,三级,2,0.5-小时
2362228,ZY010001041952,1041952,住院,杨*芳,女,699,普外甲乳外科,择期,无,颈部|,甲状腺结节(E04.101),,甲状腺大部切除术,6.3901,,何春兰,全麻,C2,2022/3/30 8:00,第一手术部,三级,1,1-小时
2362287,ZY010001047000,1047000,住院,徐*英,女,7,胆胰外科,择期,右,腹部|,胆管结石伴有胆管炎(K80.300),,腹腔镜下胆总管切开取石术,51.8803,,钱建军,全麻,A1,2022/3/30 8:00,第一手术部,四级,2,1.5-小时
2362695,ZY010001046341,1046341,住院,王*红,女,59,烧伤整形外科,临时,左,小腿部|,下肢皮肤缺损(Z89.800x003),左小腿扩创+,创面封闭式负压引流术（VSD),86.0401,,周杰,会诊麻醉,A4,2022/3/30 8:00,烧伤整形外科手术室,三级,1,1-小时
2362421,ZY010001046966,1046966,住院,项*生,男,10,介入放射科,择期,无,|,肝继发恶性肿瘤(C78.700x011),,肝病损微波消融术,50.2301,,孙陵,局麻+心电监护,A7,2022/3/30 8:00,介入诊疗中心,四级,1,1-小时
2362180,ZY010001043988,1043988,住院,芦*红,女,58,胸外科,择期,右,胸部|,肺占位性病变(R91.x03),右下,胸腔镜下肺病损切除术,32.2003,,石维平,全麻,A1,2022/3/30 8:00,第一手术部,四级,2,2-小时
2362259,ZY010001044822,1044822,住院,鲍*,男,914,泌尿外科,择期,无,|,膀胱肿瘤(D41.401),,膀胱镜检查,57.3200x001,,姚浩,全麻,B3,2022/3/30 8:08,第一手术部,一级,2,1-小时
2362290,ZY010001044889,1044889,住院,徐*林,男,510,泌尿外科,择期,无,|,血尿(R31.x00),,膀胱镜检查,57.3200x001,,姚浩,会诊麻醉,C3,2022/3/30 8:09,第一手术部,一级,2,1-小时
2362377,ZY010001046824,1046824,住院,钱*芳,女,50,胆胰外科,择期,右,腹部|,胆总管结石(K80.501),,内镜下胆管碎石取石术,51.8800x009,,钱建军,全麻,A2,2022/3/30 8:30,第一手术部,四级,0,1-小时
2362415,ZY010001044969,1044969,住院,张*如,男,2058,胆胰外科,择期,右,腹部|,胆囊结石(K80.200x003),,腹腔镜下胆囊切除术,51.23,,钱建军,全麻,A4,2022/3/30 8:30,第一手术部,三级,2,1-小时
2362416,ZY010001045234,1045234,住院,曹*庆,男,19,胆胰外科,择期,右,腹部|,胆囊结石伴有急性胆囊炎(K80.000),,腹腔镜下胆囊切除术,51.23,,钱建军,全麻,A3,2022/3/30 8:30,第一手术部,三级,2,1-小时
2362544,ZY010001039987,1039987,住院,从*,男,7,胆胰外科,临时,右,腹部|,急性坏死性胰腺炎，重症(K85.818),,开腹探查术,54.11,,钱建军,全麻,A6,2022/3/30 8:30,第一手术部,二级,2,2-小时
2362418,ZY010001045006,1045006,住院,成*伟,男,1869,胆胰外科,择期,右,腹部|,胆囊结石(K80.200x003),,腹腔镜下胆囊切除术,51.23,,钱建军,全麻,A5,2022/3/30 8:30,第一手术部,三级,2,1-小时
2362381,ZY010001039144,1039144,住院,张*峰,男,23,烧伤整形外科,择期,左,小腿部|,重症肺炎(J18.903),左小腿扩创+,创面封闭式负压引流术（VSD),86.0401,#NAME?,刘亦峰,腰麻,C2,2022/3/30 9:00,烧伤整形外科手术室,三级,3,1.5-小时
2362158,ZY010001044972,1044972,住院,张*香,女,1863,普外甲乳外科,择期,无,颈部|,甲状腺肿瘤(D44.001),,单侧甲状腺切除伴甲状腺峡部切除术,06.2x02,,符德元,全麻,A2,2022/3/30 9:00,第一手术部,四级,1,1-小时
2362337,ZY010001039016,1039016,住院,龚*龙,男,32,普外血管外科,择期,右,大腿部|,下肢静脉功能不全(I87.201),右,下肢静脉曲张的结扎术和剥脱术,38.59,,陈兆雷,会诊麻醉,A2,2022/3/30 9:00,第二手术部,三级,1,1-小时
2362337,ZY010001039016,1039016,住院,龚*龙,男,32,普外血管外科,择期,右,大腿部|,下肢静脉功能不全(I87.201),右,大隐静脉主干激光闭合术,38.5900x003,,陈兆雷,会诊麻醉,A2,2022/3/30 9:00,第二手术部,三级,1,1-小时
2362523,ZY010001045011,1045011,住院,董*龙,男,23,骨科手足,择期,双,足部|,趾甲沟炎(L03.000x021),双足多趾,指(趾)甲、甲床或甲褶去除,86.23,,张乃臣,腰麻,A2,2022/3/30 9:00,第二手术部,一级,1,1-小时
2362277,ZY010001047195,1047195,住院,满*珠,女,33,运动医学科,择期,右,上臂|,肱骨近端骨折(S42.200x001),右侧,肱骨骨折切开复位内固定术,79.3101,,费文勇,会诊麻醉,A2,2022/3/30 9:00,日间手术室,四级,1,1-小时
2362216,ZY010001044543,1044543,住院,高*香,女,29,心脏大血管病中心,择期,无,胸部|,二尖瓣脱垂(I34.100),,二尖瓣生物瓣膜置换术,35.2301,,唐程斌,全麻,B1,2022/3/30 9:00,心脏大血管病中心手术室,四级,1,3-小时
2362498,ZY010001043440,1043440,住院,刘*,女,6,产科,择期,无,|,瘢痕子宫(N85.801),,其他剖宫产,74.99,,孔祥,腰麻,A2,2022/3/30 9:00,第一手术部,三级,2,1-小时
2362497,ZY010001046556,1046556,住院,王*盛,男,554,普外疝儿外科,择期,右,|,腹股沟斜疝(K40.901),,腹腔镜下经腹膜前腹股沟疝补片修补术（TAPP）,17.1300x001,,汤劲松,全麻,A2,2022/3/30 9:00,第一手术部,三级,1,1-小时
2362617,ZY010001042342,1042342,住院,倪*红,女,监2,烧伤整形外科,临时,左,小腿部|,创伤性休克(T79.400),左小腿扩创+,创面封闭式负压引流术（VSD),86.0401,,周杰,会诊麻醉,A3,2022/3/30 9:00,烧伤整形外科手术室,三级,2,1-小时
2362515,ZY010001047293,1047293,住院,金*,男,1130,普外疝儿外科,择期,左,|,单侧腹股沟疝(K40.900x002),,腹腔镜下经腹膜前腹股沟疝补片修补术（TAPP）,17.1300x001,,汤劲松,全麻,A3,2022/3/30 10:00,第一手术部,三级,1,1-小时
2362339,ZY010001039408,1039408,住院,吴*香,女,36,普外血管外科,择期,右,大腿部|,下肢静脉功能不全(I87.201),右,下肢静脉曲张的结扎术和剥脱术,38.59,,陈兆雷,会诊麻醉,A3,2022/3/30 10:00,第二手术部,三级,1,1-小时
2362339,ZY010001039408,1039408,住院,吴*香,女,36,普外血管外科,择期,右,大腿部|,下肢静脉功能不全(I87.201),右,大隐静脉主干激光闭合术,38.5900x003,,陈兆雷,会诊麻醉,A3,2022/3/30 10:00,第二手术部,三级,1,1-小时
2362575,ZY010001046771,1046771,住院,李*明,男,1104,肝脾外科,临时,右,腹部|,胆囊结石伴慢性胆囊炎(K80.101),,腹腔镜下胆囊切除术,51.23,,丁向民,会诊麻醉,A2,2022/3/30 10:00,第一手术部,三级,2,1-小时
2362169,ZY010001046094,1046094,住院,焦*翠,女,1840,眼科,择期,左,眼部|,废用性外斜视(H50.100x001),左眼,一条眼外肌的悬吊术,15.2901,（外直肌）+内直肌缩短术,王雅坤,全麻,B3,2022/3/30 10:00,日间手术室,四级,1,1-小时
2362522,ZY010001045356,1045356,住院,蒋*,男,1141,骨科手足,择期,左,手|,局部肿胀、肿物和肿块(R22.900),左手掌,软组织病损切除术,83.3900x017,,张乃臣,臂丛麻醉,A3,2022/3/30 10:00,第二手术部,二级,1,1-小时
2362281,ZY010001044787,1044787,住院,王*兰,女,43,运动医学科,择期,左,上臂|,肩袖损伤(S46.002),左侧,肩关节镜下肩袖修补术,81.8300x008,,卢耀甲,会诊麻醉,C1,2022/3/30 10:00,日间手术室,四级,1,1-小时
2362293,ZY010001045979,1045979,住院,王*仪,女,6,妇科,择期,无,|,卵巢囊肿(N83.201),,腹腔镜卵巢病损切除术,65.2501,,顾建娟,全麻,C2,2022/3/30 10:00,第一手术部,三级,2,1-小时
2362395,ZY010001046298,1046298,住院,唐*林,男,62,胃肠中心309,择期,无,腹部|,直肠肿瘤(D37.501),,腹腔镜下直肠根治术,48.6900x002,,石磊,全麻,A2,2022/3/30 10:00,第一手术部,四级,2,2-小时
2362191,ZY010001044947,1044947,住院,吴*林,男,849,普外甲乳外科,择期,无,颈部|,甲状腺肿瘤(D44.001),,单侧甲状腺切除伴甲状腺峡部切除术,06.2x02,,符德元,全麻,A3,2022/3/30 10:00,第一手术部,四级,1,1-小时
2362179,ZY010001044984,1044984,住院,张*,女,29,骨科创伤,择期,右,膝部|,胫骨平台骨折(S82.100x087),右胫骨平台,胫骨骨折切开复位内固定术,79.3601,,方永超,会诊麻醉,A2,2022/3/30 10:00,第一手术部,四级,1,2-小时
2362192,ZY010001044914,1044914,住院,李*兰,女,55,胸外科,择期,右,胸部|,孤立性肺结节(R91.x00x011),右下,胸腔镜下肺病损切除术,32.2003,,石维平,全麻,A2,2022/3/30 10:00,第一手术部,四级,2,2-小时
2362438,ZY010001044995,1044995,住院,卜*荣,男,1260,运动医学科,择期,右,膝部|,半月板损伤(M23.308),右侧,膝关节镜下半月板成形术,81.4700x005,,费文勇,会诊麻醉,A3,2022/3/30 10:30,日间手术室,四级,1,1-小时
2362164,ZY010001044910,1044910,住院,顾*秀,女,1376,普外甲乳外科,择期,无,颈部|,甲状腺肿瘤(D44.001),,单侧甲状腺切除伴甲状腺峡部切除术,06.2x02,,符德元,全麻,A4,2022/3/30 11:00,第一手术部,四级,1,1.5-小时
2362375,ZY010001045928,1045928,住院,王*琴,女,1401,妇科,择期,无,|,子宫内膜增厚(R93.803),,宫腔镜诊断性刮宫术,69.0902,,顾建娟,全麻,C3,2022/3/30 11:00,第一手术部,三级,0,0.5-小时
2362378,ZY010001046996,1046996,住院,顾*高,男,60,骨科创伤,择期,左,膝部|,胫骨平台骨折(S82.100x087),左侧,胫骨骨折切开复位内固定术,79.3601,（胫骨平台）,陈鹏涛,会诊麻醉,A2,2022/3/30 11:00,第二手术部,四级,1,1-小时
2362675,ZY010001047369,1047369,住院,尹*才,男,709,眼科,临时,右,|,老年性白内障(H25.900),右眼,白内障超声乳化抽吸术,13.4100x001,#NAME?,叶东升,局麻+心电监护,A6,2022/3/30 11:00,日间手术室,三级,1,0.3-小时
2362519,ZY010001043443,1043443,住院,沈*洪,男,25,胃肠中心109,择期,无,腹部|,胃恶性肿瘤(C16.900),,机器人援助操作,17.41,根治性胃切除术,王道荣,全麻,B2,2022/3/30 11:00,第一手术部,四级,2,2-小时
2362286,ZY010001039168,1039168,住院,田*有,男,27,普外血管外科,择期,右,大腿部|,下肢静脉功能不全(I87.201),右,下肢静脉曲张的结扎术和剥脱术,38.59,,陈兆雷,会诊麻醉,A4,2022/3/30 11:00,第二手术部,三级,1,1-小时
2362286,ZY010001039168,1039168,住院,田*有,男,27,普外血管外科,择期,右,大腿部|,下肢静脉功能不全(I87.201),右,大隐静脉主干激光闭合术,38.5900x003,,陈兆雷,会诊麻醉,A4,2022/3/30 11:00,第二手术部,三级,1,1-小时
2362227,ZY010001044404,1044404,住院,李*元,男,37,胃肠中心109,择期,无,腹部|,胃恶性肿瘤(C16.900),,腹腔镜检查,54.21,备根治性胃切除术,王道荣,全麻,A2,2022/3/30 11:00,第一手术部,三级,2,2-小时
2362540,ZY010001046154,1046154,住院,吴*明,女,56,骨科手足,择期,左,手|,腱鞘炎(M65.910),左环指,腱鞘切开术,83.0101,,张乃臣,局麻,A4,2022/3/30 11:00,第二手术部,二级,1,1-小时
2362441,ZY010001044811,1044811,住院,唐*海,男,865,运动医学科,择期,左,膝部|,半月板损伤(M23.308),左侧,膝关节镜下半月板成形术,81.4700x005,,费文勇,会诊麻醉,A4,2022/3/30 11:30,日间手术室,四级,1,1-小时
2362165,ZY010001045040,1045040,住院,江*秋,女,963,普外甲乳外科,择期,无,颈部|,甲状腺肿瘤(D44.001),,单侧甲状腺切除伴甲状腺峡部切除术,06.2x02,,符德元,全麻,A5,2022/3/30 12:00,第一手术部,四级,1,1-小时
2362163,ZY010001042271,1042271,住院,蒋*星,男,52,胸外科,择期,右,胸部|,肺恶性肿瘤(C34.900x001),右下,胸腔镜下肺叶切除术,32.41,,孙超,全麻,A3,2022/3/30 12:00,第一手术部,四级,2,2-小时
2362382,ZY010001046102,1046102,住院,徐*珍,女,17,胃肠中心309,择期,无,腹部|,升结肠肿瘤(D37.403),,右半结肠根治性切除术,45.7302,,石磊,全麻,A3,2022/3/30 12:00,第一手术部,四级,2,2-小时
2362219,ZY010001047238,1047238,住院,孙*,男,3022,骨科创伤,择期,左,上臂|,取除骨折内固定装置(Z47.001),左尺骨,肱骨内固定装置去除术,78.6201,,韩奎敬,会诊麻醉,A3,2022/3/30 12:00,第二手术部,二级,1,1.5-小时
2362655,ZY010001047388,1047388,住院,郭*文,女,337,眼科,临时,右,|,并发性白内障(H26.200),右眼,白内障超声乳化抽吸术,13.4100x001,#NAME?,叶东升,局麻+心电监护,C8,2022/3/30 12:00,日间手术室,三级,1,0.3-小时
2362357,ZY010001046474,1046474,住院,樊*,女,1039,妇科,择期,无,|,流产后宫腔粘连(O08.803),,宫腔镜诊断性刮宫术,69.0902,,顾建娟,全麻,C4,2022/3/30 12:00,第一手术部,三级,0,1-小时
2362291,ZY010001045614,1045614,住院,高*明,男,3050,普外血管外科,择期,左,大腿部|,下肢静脉功能不全(I87.201),左,下肢静脉曲张的结扎术和剥脱术,38.59,,陈兆雷,会诊麻醉,A5,2022/3/30 12:00,第二手术部,三级,1,1-小时
2362291,ZY010001045614,1045614,住院,高*明,男,3050,普外血管外科,择期,左,大腿部|,下肢静脉功能不全(I87.201),左,大隐静脉主干激光闭合术,38.5900x003,,陈兆雷,会诊麻醉,A5,2022/3/30 12:00,第二手术部,三级,1,1-小时
2362428,ZY010001043435,1043435,住院,胡*梅,女,15,妇科,择期,无,腹部|,子宫平滑肌瘤(D25.900),,子宫病损切除术,68.2906,#NAME?,尹香花,全麻,A2,2022/3/30 12:00,第一手术部,二级,2,2-小时
2362189,ZY010001044365,1044365,住院,王*琴,女,62,胸外科,择期,左,胸部|,纵隔肿物(J98.507),,胸腔镜下纵隔病损切除术,34.3x04,,贺建胜,全麻,B2,2022/3/30 12:00,第一手术部,四级,1,2-小时
2362541,ZY010001045100,1045100,住院,朱*红,女,37,骨科手足,择期,左,手|,外生骨疣(M89.900x091),左中指,指骨病损切除术,77.6902,,张乃臣,局麻,A5,2022/3/30 12:00,第二手术部,二级,1,1-小时
2362442,ZY010001044971,1044971,住院,吕*懿,女,442,运动医学科,择期,右,膝部|,半月板损伤(M23.308),右侧,膝关节镜下半月板成形术,81.4700x005,,费文勇,会诊麻醉,A5,2022/3/30 13:00,日间手术室,四级,1,1-小时
2362542,ZY010001045404,1045404,住院,朱*兰,女,15,骨科手足,临时,左,手|,软组织疾患(M79.900),左中指,软组织病损切除术,83.3900x017,,张乃臣,局麻,A6,2022/3/30 13:00,第二手术部,二级,1,1-小时
2362262,ZY010001045816,1045816,住院,华*清,男,38,胃肠中心209,择期,无,|,梗阻性黄疸(K83.109),,内镜下胆管支架置入术,51.8700x003,,刘军,全麻,A4,2022/3/30 14:00,内镜手术室,四级,0,1-小时
2362239,ZY010001046164,1046164,住院,陈*有,男,1030,泌尿外科,择期,无,|,前列腺恶性肿瘤(C61.x00),,经会阴前列腺穿剌活检术,60.1100x003,,周广臣,局麻,A1,2022/3/30 14:00,内镜手术室,二级,0,0.5-小时
2362795,ZY010001045769,1045769,住院,袁*义,男,17,胃肠中心209,急诊,无,腹部|,肝肿瘤(D37.601),,内镜下胆管支架置入术,51.8700x003,,刘军,静脉麻醉,D8,2022/3/30 14:00,内镜手术室,四级,0,0.5-小时
2362430,ZY010001044526,1044526,住院,王*然,女,1041,妇科,择期,无,腹部|,卵巢囊肿(N83.201),,腹腔镜卵巢病损切除术,65.2501,,尹香花,会诊麻醉,A3,2022/3/30 14:00,第一手术部,三级,2,1-小时
2362477,ZY010001046115,1046115,住院,顾*华,女,28,胆胰内科,择期,右,腹部|,梗阻性黄疸(K83.109),,内镜下胆管支架置入术,51.8700x003,,邓登豪,静脉麻醉,A1,2022/3/30 14:00,内镜手术室,四级,1,1-小时
2362543,ZY010001047180,1047180,住院,唐*,男,61,骨科手足,临时,左,手|,上肢皮肤缺损(Z89.800x002),左小指,人工皮肤移植术,86.6702,,张乃臣,局麻,A7,2022/3/30 14:00,第二手术部,三级,1,1-小时
2362615,ZY010001044002,1044002,住院,王*,男,29,胆胰内科,急诊,右,腹部|,胆管结石伴有胆管炎(K80.300),,内镜下胆管碎石取石术,51.8800x009,,邓登豪,静脉麻醉,A8,2022/3/30 14:00,内镜手术室,四级,1,0.5-小时
2362233,ZY010001046172,1046172,住院,糜*余,男,572,泌尿外科,择期,无,|,前列腺恶性肿瘤(C61.x00),,经会阴前列腺穿剌活检术,60.1100x003,,周广臣,局麻,A2,2022/3/30 14:00,内镜手术室,二级,0,0.5-小时
2362501,ZY010001043701,1043701,住院,张*兵,男,58,胃肠中心209,择期,无,腹部|,胆总管结石(K80.501),,内镜逆行胰胆管造影[ERCP],51.1,,刘军,静脉麻醉,D7,2022/3/30 14:00,内镜手术室,三级,0,0.5-小时
2362555,ZY010001046281,1046281,住院,林*涛,男,68,骨科手足,临时,左,手|,上肢皮肤缺损(Z89.800x002),左示指,人工皮肤移植术,86.6702,,张乃臣,局麻,A8,2022/3/30 15:00,第二手术部,三级,2,1-小时
2362433,ZY010001046853,1046853,住院,徐*,女,697,妇科,择期,无,腹部|,卵巢囊肿(N83.201),,腹腔镜卵巢病损切除术,65.2501,,尹香花,会诊麻醉,A4,2022/3/30 15:00,第一手术部,三级,2,1-小时
2362279,ZY010001045896,1045896,住院,杨*宏,男,61,胃肠中心209,择期,无,|,梗阻性黄疸(K83.109),,内镜下胆管支架置入术,51.8700x003,,刘军,全麻,A2,2022/3/30 15:00,内镜手术室,四级,0,1-小时
2362257,ZY010001045392,1045392,住院,冯*仁,男,62,胃肠中心209,择期,无,|,胆管结石伴有胆管炎(K80.300),,内镜去除胆管结石,51.88,,刘军,全麻,A1,2022/3/30 16:00,内镜手术室,四级,0,1-小时
2362463,ZY010001047134,1047134,住院,桑*芳,女,1131,妇科,择期,无,会阴部|,异常子宫出血(N93.901),,宫腔镜诊断性刮宫术,69.0902,#NAME?,尹香花,会诊麻醉,A5,2022/3/30 16:00,第一手术部,三级,2,0.5-小时
