﻿申请号,住院流水号,住院号,类别,姓名,性别,床号,申请科室,手术类别,部位,部位名称,诊断,手术前缀,手术名称,手术编码3.0,手术后缀,手术者,麻醉方式,台序,拟手术日期,手术室,手术级别,切口类型,预估手术时长
2374804,ZY010001050734,1050734,住院,姚*荣,男,35,骨科创伤,择期,右,髋部|,股骨粗隆间骨折(S72.101),右侧,股骨骨折切开复位内固定术,79.3501,（粗隆）,高红伟,会诊麻醉,A1,2022/4/14 8:00,第二手术部,四级,1,1-小时
2374807,ZY010001049880,1049880,住院,崔*武,男,6,心内科306,择期,右,前臂|,冠状动脉粥样硬化性心脏病(I25.103),,单根导管的冠状动脉造影术,88.55,,徐日新,局麻+心电监护,B5,2022/4/14 8:00,介入诊疗中心,三级,1,2-小时
2375036,ZY010001050719,1050719,住院,马*腾,男,424,肝脾外科,择期,右,腹部|,胆囊结石伴慢性胆囊炎(K80.101),,腹腔镜下胆囊切除术,51.23,,蒋国庆,全麻,A5,2022/4/14 8:00,第一手术部,三级,2,2-小时
2375007,ZY010001039930,1039930,住院,袁*,男,45,肾脏内科,择期,左,前臂|,慢性肾脏病5期(N18.001),左前臂,为肾透析的动静脉造瘘术,39.2700x001,,牟洪宾,局麻+心电监护,C8,2022/4/14 8:00,第一手术部,三级,1,2-小时
2375007,ZY010001039930,1039930,住院,袁*,男,45,肾脏内科,择期,左,前臂|,慢性肾脏病5期(N18.001),左前臂,腹膜透析手工法拔管,97.8600x009,,牟洪宾,局麻+心电监护,C8,2022/4/14 8:00,第一手术部,三级,1,2-小时
2375097,ZY010001051187,1051187,住院,金*梅,女,61,普外甲乳外科,择期,双,胸部|,乳房结节(N63.x01),双,乳腺局部扩大切除术,85.2300x001,（备患侧乳房切除术+同侧腋窝淋巴结活检术）,祝玉祥,全麻,A7,2022/4/14 8:00,第一手术部,三级,1,3-小时
2374900,ZY010001052079,1052079,住院,周*贤,女,12,骨科关节,择期,左,髋部|,股骨颈骨折(S72.000),左侧,人工股骨头置换术,81.5201,,颜连启,会诊麻醉,A2,2022/4/14 8:00,第一手术部,四级,1,1-小时
2374775,ZY010001051366,1051366,住院,居*妹,女,22,妇科,择期,无,|,子宫颈恶性肿瘤(C53.900x001),,盆腔淋巴结清扫术,40.591,#NAME?,黄永生,全麻,B1,2022/4/14 8:00,第一手术部,四级,2,3-小时
2374775,ZY010001051366,1051366,住院,居*妹,女,22,妇科,择期,无,|,子宫颈恶性肿瘤(C53.900x001),,子宫广泛性切除术,68.6900x001,#NAME?,黄永生,全麻,B1,2022/4/14 8:00,第一手术部,四级,2,3-小时
2374897,ZY010001050229,1050229,住院,张*勤,女,1263,普外甲乳外科,择期,无,|,甲状腺结节(E04.101),,单侧甲状腺切除伴甲状腺峡部切除术,06.2x02,,章佳新,全麻,A1,2022/4/14 8:00,第一手术部,四级,1,1.5-小时
2375104,ZY010001050215,1050215,住院,林*英,女,36,妇科,择期,无,|,子宫内膜恶性肿瘤(C54.100),,腹腔镜经腹全子宫切除术,68.41,,王志学,全麻,A2,2022/4/14 8:00,第一手术部,四级,2,3-小时
2375104,ZY010001050215,1050215,住院,林*英,女,36,妇科,择期,无,|,子宫内膜恶性肿瘤(C54.100),,腹腔镜盆腔淋巴结清扫术,40.5912,,王志学,全麻,A2,2022/4/14 8:00,第一手术部,四级,2,3-小时
2374901,ZY010001051511,1051511,住院,张*珍,女,1118,普外甲乳外科,择期,无,|,甲状腺结节(E04.101),,单侧甲状腺切除伴甲状腺峡部切除术,06.2x02,,章佳新,全麻,A4,2022/4/14 8:00,第一手术部,四级,1,1.5-小时
2374796,ZY010001048491,1048491,住院,葛*平,女,19,泌尿外科,择期,左,|,肾结石(N20.000),左侧,输尿管镜检查,56.31,备双J管置入术,杨进,全麻,A2,2022/4/14 8:00,第一手术部,二级,0,1.5-小时
2374961,ZY010001051789,1051789,住院,魏*宝,男,59,心内科306,择期,无,|,冠状动脉粥样硬化性心脏病(I25.103),,单根导管的冠状动脉造影术,88.55,,徐日新,局麻+心电监护,B8,2022/4/14 8:00,介入诊疗中心,三级,0,1-小时
2375375,ZY010001052048,1052048,住院,毛*梅,女,62,心内科306,急诊,左,胸部|,具有心脏起搏器(Z95.000),,永久起搏器置入术,37.8000x001,,陈福坤,局麻+心电监护,A1,2022/4/14 8:00,介入诊疗中心,四级,1,2-小时
2375010,ZY010001044780,1044780,住院,沈*,男,59,胃肠中心309,择期,无,腹部|,直肠恶性肿瘤个人史(Z85.007),,小肠造口还纳术,46.5100x006,,石磊,全麻,B1,2022/4/14 8:00,第一手术部,二级,2,2-小时
2374905,ZY010001048048,1048048,住院,严*,男,37,泌尿外科,择期,无,|,前列腺增生(N40.x00),,腹腔镜下前列腺切除术,60.6900x002,,周广臣,全麻,B1,2022/4/14 8:00,第一手术部,四级,2,3-小时
2375000,ZY010001042825,1042825,住院,刘*,女,440,胆胰外科,择期,双,腹部|,胆囊息肉(K82.802),,腹腔镜下胆囊切除术,51.23,,钱建军,全麻,A2,2022/4/14 8:00,第一手术部,三级,2,1-小时
2375103,ZY010001052371,1052371,住院,景*富,男,40,泌尿外科,择期,左,|,肾肿瘤(D41.001),左侧,腹腔镜下单侧肾切除术,55.5103,,姚浩,全麻,D1,2022/4/14 8:00,第一手术部,四级,2,2.5-小时
2374856,ZY010001051377,1051377,住院,谢*兰,女,68,心脏大血管病中心,择期,无,胸部|,三尖瓣关闭不全(I07.100),,三尖瓣成形术,35.1401,,唐程斌,全麻,A1,2022/4/14 8:00,心脏大血管病中心手术室,四级,1,4-小时
2374801,ZY010001050084,1050084,住院,吴*双,男,3,胸外科,择期,右,胸部|,肺占位性病变(R91.x03),右下,胸腔镜下肺病损切除术,32.2003,,金卫国,全麻,A1,2022/4/14 8:00,第一手术部,四级,2,2-小时
2374906,ZY010001052151,1052151,住院,张*忠,男,1030,泌尿外科,择期,无,|,膀胱肿瘤(D41.401),,输尿管镜检查,56.31,备开放膀胱肿瘤切除术,王业华,会诊麻醉,A3,2022/4/14 8:00,第一手术部,二级,2,2-小时
2374996,ZY010001050822,1050822,住院,胡*方,女,6,泌尿外科,择期,无,|,膀胱恶性肿瘤(C67.900),,腹腔镜下全膀胱切除术,57.7901,,俞俊杰,全麻,B6,2022/4/14 8:00,第一手术部,四级,2,5-小时
2375102,ZY010001051325,1051325,住院,常*,女,51,创伤中心2,择期,无,口腔|,多处损伤(T07.x00),,下颌骨骨折切开复位内固定术,76.7602,,邱建平,全麻,A3,2022/4/14 8:00,第一手术部,三级,2,2-小时
2374865,ZY010001050908,1050908,住院,陈*红,女,加1,妇科,择期,无,|,子宫腺肌瘤(D26.100x002),,经腹全子宫切除术,68.4901,,黄永生,全麻,B2,2022/4/14 8:00,第一手术部,四级,2,1.5-小时
2375006,ZY010001052092,1052092,住院,王*红,女,28,肝脾外科,择期,右,腹部|,急性胆囊炎(K81.000),,腹腔镜下胆囊切除术,51.23,,蒋国庆,全麻,A3,2022/4/14 8:00,第一手术部,三级,2,2-小时
2375106,ZY010001051659,1051659,住院,张*圣,男,10,骨科关节,择期,右,小腿部|,双侧膝关节骨性关节病(M17.900x003),右侧,胫骨上端高位截骨术,77.2702,备膝关节置换,颜连启,会诊麻醉,A5,2022/4/14 8:00,第一手术部,四级,1,2-小时
2374962,ZY010001051223,1051223,住院,朱*莲,女,797,普外甲乳外科,择期,无,颈部|,甲状腺结节(E04.101),,单侧甲状腺切除伴甲状腺峡部切除术,06.2x02,,祝玉祥,全麻,A5,2022/4/14 8:00,第一手术部,四级,1,2.5-小时
2374855,ZY010001051321,1051321,住院,姚*聪,男,53,骨科创伤,择期,右,小腿部|,开放性胫骨骨折(S82.211),右,胫骨骨折切开复位内固定术,79.3601,,陈鹏涛,会诊麻醉,B2,2022/4/14 8:00,第二手术部,四级,1,1.5-小时
2373855,ZY010001042835,1042835,住院,王*,男,8,泌尿外科,择期,无,|,膀胱肿瘤(D41.401),,膀胱镜检查,57.3200x001,备输尿管镜检查备膀胱肿瘤电切术,杨进,全麻,D1,2022/4/14 8:00,第一手术部,一级,0,1.5-小时
2375115,ZY010001052258,1052258,住院,吴*根,男,15,泌尿外科,择期,左,|,肾肿瘤(D41.001),左侧,腹腔镜下肾部分切除术,55.4x03,,姚浩,全麻,A4,2022/4/14 8:00,第一手术部,四级,2,2-小时
2374835,ZY010001052550,1052550,住院,吕*玲,女,67,骨科创伤,择期,左,髋部|,股骨颈骨折(S72.000),左,股骨骨折切开复位内固定术,79.3501,,陈鹏涛,会诊麻醉,B1,2022/4/14 8:00,第二手术部,四级,1,1.5-小时
2374955,ZY010001051467,1051467,住院,孙*,女,60,创伤中心2,择期,右,大腿部|,股骨干骨折(S72.300),右,股骨骨折切开复位钢板内固定术,79.3500x016,,王骅,会诊麻醉,A3,2022/4/14 8:00,第二手术部,四级,1,2-小时
2374997,ZY010001050292,1050292,住院,杨*军,男,2071,泌尿外科,择期,右,|,附睾囊肿(N50.803),右侧,附睾病损切除术,63.3x03,,王业华,会诊麻醉,A2,2022/4/14 8:00,第一手术部,一级,2,1-小时
2374959,ZY010001051257,1051257,住院,陈*进,男,1058,神经外科506,择期,双,鼻部|,垂体肿瘤(D44.301),,神经内镜下经鼻腔-蝶窦垂体病损切除术,07.6200x007,,张恒柱,全麻,A1,2022/4/14 8:00,第二手术部,四级,1,2.5-小时
2374995,ZY010001047327,1047327,住院,蔡*,女,45,骨科手足,择期,双,手|,腱鞘炎(M65.910),右拇指,正中神经松解术,4.4907,,张乃臣,局麻,B1,2022/4/14 8:00,第二手术部,三级,1,1-小时
2374995,ZY010001047327,1047327,住院,蔡*,女,45,骨科手足,择期,双,手|,腱鞘炎(M65.910),右拇指,腱鞘切开术,83.0101,,张乃臣,局麻,B1,2022/4/14 8:00,第二手术部,三级,1,1-小时
2374895,ZY010001051894,1051894,住院,翟*凤,女,56,骨科脊柱,择期,无,胸部|,胸椎骨折(S22.000),,椎骨截骨术,77.2900x004,#NAME?,陶玉平,会诊麻醉,B3,2022/4/14 8:00,第一手术部,四级,1,1-小时
2375155,ZY010001049553,1049553,住院,陆*定,男,58,心内科306,择期,左,胸部|,Ⅲ度房室传导阻滞(I44.200),,心脏再同步起搏器置入未提及去除心脏纤颤，全系统[CRT-P],0.5,,顾翔,局麻+心电监护,C1,2022/4/14 8:00,介入诊疗中心,四级,1,3-小时
2374898,ZY010001051266,1051266,住院,张*华,女,48,骨科关节,择期,右,髋部|,股骨颈骨折(S72.000),右侧,人工股骨头置换术,81.5201,,颜连启,会诊麻醉,A1,2022/4/14 8:00,第一手术部,四级,1,1-小时
2374958,ZY010001048901,1048901,住院,李*和,男,13,肝脾外科,择期,双,腹部|,腹痛(R10.402),右,全脾切除术,41.5x00,,蒋国庆,全麻,A1,2022/4/14 8:00,第一手术部,四级,2,2-小时
2374958,ZY010001048901,1048901,住院,李*和,男,13,肝脾外科,择期,双,腹部|,腹痛(R10.402),右,部分肝切除术,50.22,,蒋国庆,全麻,A1,2022/4/14 8:00,第一手术部,四级,2,2-小时
2374915,ZY010001051740,1051740,住院,陶*珍,女,27,骨科关节,择期,右,髋部|,股骨头无菌性坏死(M87.002),右侧,全髋关节置换,81.51,,颜连启,会诊麻醉,A3,2022/4/14 8:00,第一手术部,四级,1,2-小时
2375002,ZY010001052830,1052830,住院,魏*芳,女,38,骨科脊柱,择期,无,胸部|,腰痛(M54.502),,经皮椎体增强,81.66,,陶玉平,会诊麻醉,B4,2022/4/14 8:00,第一手术部,四级,1,1-小时
2375316,ZY010001052990,1052990,住院,刁*英,女,加2,心内科306,急诊,左,胸部|,具有心脏起搏器(Z95.000),,心脏起搏器电极调整术,37.7501,,顾翔,局麻+心电监护,B3,2022/4/14 8:00,介入诊疗中心,四级,1,2-小时
2374983,ZY010001051260,1051260,住院,庄*龙,男,40,骨科脊柱,择期,无,腰部|,腰椎椎管狭窄(M48.005),,腰椎椎体间融合术，后入路,81.0801,,冯新民,会诊麻醉,A4,2022/4/14 8:00,第一手术部,四级,1,1-小时
2374980,ZY010001049404,1049404,住院,李*宸,男,39,骨科手足,择期,左,手|,多指\[趾\]畸形(Q69.900),左拇指,多余指切除术,86.2601,,刘宏君,全麻,A1,2022/4/14 8:00,第二手术部,三级,1,1-小时
2375018,ZY010001049568,1049568,住院,汤*林,男,28,胃肠中心309,择期,无,腹部|,直肠肿瘤(D37.501),,直肠根治术,48.6900x007,直肠根治术,石磊,全麻,A1,2022/4/14 8:00,第一手术部,四级,2,3-小时
2375094,ZY010001050299,1050299,住院,耿*萍,女,15,妇科,择期,无,|,异常子宫出血(N93.901),,腹腔镜经腹全子宫切除术,68.41,,王志学,全麻,A4,2022/4/14 8:00,第一手术部,四级,2,2-小时
2375078,ZY010001052064,1052064,住院,李*,女,3082,肝脾外科,择期,右,腹部|,胆囊结石伴慢性胆囊炎(K80.101),,腹腔镜下胆囊切除术,51.23,,蒋国庆,全麻,A7,2022/4/14 8:00,第一手术部,三级,2,2-小时
2374821,ZY010001050106,1050106,住院,汤*松,男,66,胸外科,择期,右,胸部|,孤立性肺结节(R91.x00x011),右上,胸腔镜下肺病损切除术,32.2003,,陆世春,全麻,B1,2022/4/14 8:00,第一手术部,四级,2,2-小时
2374875,ZY010001052361,1052361,住院,袁*桂,女,61,骨科脊柱,择期,无,腰部|,腰椎骨折(S32.000),,经皮椎体增强,81.66,,陶玉平,会诊麻醉,B2,2022/4/14 8:00,第一手术部,四级,1,1-小时
2374822,ZY010001052760,1052760,住院,方*珠,女,23,骨科脊柱,择期,无,腰部|,腰椎骨折(S32.000),,经皮椎骨成形术,81.65,,王永祥,会诊麻醉,A1,2022/4/14 8:00,第一手术部,四级,1,2-小时
2375015,ZY010001051521,1051521,住院,陈*武,男,31,胃肠中心209,择期,无,肛门部|,腹痛(R10.402),,双(单)气囊小肠镜检查,45.1300x005,,陈洁,全麻,C8,2022/4/14 8:00,内镜手术室,二级,0,1-小时
2374976,ZY010001046092,1046092,住院,王*华,女,1107,骨科关节,择期,左,膝部|,膝关节痛(M25.506),左侧,全部膝关节置换,81.54,,颜连启,会诊麻醉,A4,2022/4/14 8:00,第一手术部,四级,1,2-小时
2374829,ZY010001052077,1052077,住院,佘*妹,女,33,骨科脊柱,择期,无,腰部|,腰椎椎管狭窄(M48.005),,腰椎椎体间融合术，后入路,81.0801,,陶玉平,会诊麻醉,B1,2022/4/14 8:00,第一手术部,四级,1,1-小时
2374981,ZY010001052245,1052245,住院,谢*燕,女,1216,普外甲乳外科,择期,无,颈部|,结节性甲状腺肿(E04.902),,甲状腺全部切除术,06.4x00,,祝玉祥,全麻,A4,2022/4/14 8:00,第一手术部,四级,1,1.5-小时
2375031,ZY010001052498,1052498,住院,岳*娟,女,1339,胆胰外科,择期,右,腹部|,胆囊结石伴有急性胆囊炎(K80.000),,腹腔镜下胆囊切除术,51.23,,钱建军,全麻,A3,2022/4/14 8:00,第一手术部,三级,2,1-小时
2374975,ZY010001052764,1052764,住院,刘*兵,男,77,骨科脊柱,择期,无,腰部|,腰椎骨折(S32.000),,腰椎骨折切开复位内固定术,3.5305,,王永祥,会诊麻醉,A4,2022/4/14 8:00,第一手术部,四级,1,2-小时
2373975,ZY010001050640,1050640,住院,李*杰,男,57,肾脏内科,择期,无,会阴部|,肾盂肿瘤(D41.101),,膀胱镜检查,57.3200x001,,杨进,全麻,A1,2022/4/14 8:00,第一手术部,一级,0,0.5-小时
2374575,ZY010001045133,1045133,住院,罗*喜,男,637,泌尿外科,择期,无,|,包皮粘连(N47.x03),,包皮环切术,64.0x00,,顾晓,局麻,A1,2022/4/14 8:00,第一手术部,一级,0,1-小时
2375029,ZY010001051615,1051615,住院,陶*兰,女,552,普外甲乳外科,择期,右,胸部|,乳腺肿瘤(D48.601),右,乳腺局部扩大切除术,85.2300x001,（备患侧乳房切除术+同侧腋窝淋巴结活检术）,祝玉祥,全麻,B2,2022/4/14 8:00,第一手术部,三级,1,3-小时
2374982,ZY010001050985,1050985,住院,毛*兰,女,433,普外甲乳外科,择期,无,颈部|,甲状腺恶性肿瘤(C73.x00),,甲状腺全部切除术,06.4x00,,祝玉祥,全麻,B1,2022/4/14 8:00,第一手术部,四级,1,2.5-小时
2374828,ZY010001050953,1050953,住院,糜*余,男,12,泌尿外科,择期,无,|,前列腺恶性肿瘤(C61.x00),,腹腔镜下前列腺根治性切除术,60.5x02,,周广臣,全麻,A1,2022/4/14 8:00,第一手术部,四级,2,3-小时
2374832,ZY010001050975,1050975,住院,高*桃,男,43,泌尿外科,择期,无,|,膀胱肿瘤(D41.401),,经尿道膀胱病损电切术,57.4900x001,,周广臣,全麻,A2,2022/4/14 8:00,第一手术部,四级,0,2-小时
2374989,ZY010001050720,1050720,住院,李*秀,女,2069,骨科创伤,择期,左,前臂|,取除骨折内固定装置(Z47.001),左侧,尺骨内固定装置去除术,78.6303,,高红伟,会诊麻醉,A2,2022/4/14 8:00,第二手术部,二级,1,1-小时
2374886,ZY010001048073,1048073,住院,白*,女,18,泌尿外科,择期,无,|,直肠膀胱阴道瘘(N82.301),,膀胱镜检查,57.3200x001,,周广臣,局麻,A5,2022/4/14 8:00,第一手术部,一级,0,0.5-小时
2375084,ZY010001052571,1052571,住院,董*风,女,58,运动医学科,择期,左,上臂|,肩袖损伤(S46.002),左,肩关节镜下肩袖修补术,81.8300x008,,卢耀甲,会诊麻醉,C1,2022/4/14 8:00,日间手术室,四级,1,2-小时
2375060,ZY010001049518,1049518,住院,于*燕,女,1385,妇科,择期,双,|,月经不规则(N92.600),,宫腔镜检查,68.1200x001,,黄永生,静脉麻醉,B4,2022/4/14 8:00,第一手术部,二级,0,0.5-小时
2374815,ZY010001049296,1049296,住院,张*娣,女,11,胃肠中心109,择期,无,腹部|,十二指肠肿瘤(D37.203),,根治性胰十二指肠切除术,52.7x00,,王道荣,全麻,A1,2022/4/14 8:00,第一手术部,四级,2,3-小时
2375093,ZY010001043155,1043155,住院,胡*,女,26,产科,择期,无,腹部|,前置胎盘(O44.000x003),,剖宫产术，子宫下段横切口,74.1x01,,张立英,会诊麻醉,A1,2022/4/14 8:00,第一手术部,二级,2,1-小时
2375086,ZY010001051617,1051617,住院,吕*生,男,50,心内科306,择期,无,|,Ⅲ度房室传导阻滞(I44.200),,仅置入或置换心脏再同步起搏器脉冲发生器[CRT-P],0.53,,顾翔,局麻+心电监护,D7,2022/4/14 8:00,介入诊疗中心,四级,1,3-小时
2374977,ZY010001051160,1051160,住院,陈*连,女,28,普外甲乳外科,择期,左,胸部|,乳房结节(N63.x01),左,乳腺局部扩大切除术,85.2300x001,,祝玉祥,全麻,A2,2022/4/14 8:00,第一手术部,三级,1,2.5-小时
2374881,ZY010001050261,1050261,住院,吴*兰,女,1155,普外甲乳外科,择期,无,|,甲状腺肿瘤(D44.001),,单侧甲状腺切除伴甲状腺峡部切除术,06.2x02,,章佳新,全麻,A2,2022/4/14 8:00,第一手术部,四级,1,1.5-小时
2375027,ZY010001052724,1052724,住院,徐*宝,男,60,心内科306,择期,无,|,冠状动脉粥样硬化性心脏病(I25.103),,单根导管的冠状动脉造影术,88.55,,徐日新,局麻+心电监护,A5,2022/4/14 8:00,介入诊疗中心,四级,0,1-小时
2375083,ZY010001051225,1051225,住院,刘*英,女,6,普外甲乳外科,择期,左,胸部|,乳腺恶性肿瘤(C50.900x011),左,乳腺局部扩大切除术,85.2300x001,（备患侧乳房切除术+同侧腋窝淋巴结活检术）,祝玉祥,全麻,A8,2022/4/14 8:00,第一手术部,三级,1,3-小时
2374880,ZY010001052047,1052047,住院,王*锋,男,964,泌尿外科,择期,无,|,包皮过长(N47.x01),,包皮环切术,64.0x00,,王业华,局麻,A4,2022/4/14 8:00,第一手术部,一级,2,1-小时
2374823,ZY010001052099,1052099,住院,王*华,女,73,创伤中心2,择期,右,大腿部|,多处损伤(T07.x00),右,股骨骨折切开复位髓内针内固定术,79.3500x018,,王骅,会诊麻醉,A1,2022/4/14 8:00,第二手术部,四级,1,3-小时
2375137,ZY010001051742,1051742,住院,沈*军,男,310,泌尿外科,择期,双,腰部|,肾占位性病变(R93.403),,腹腔镜下肾部分切除术,55.4x03,备根治术,王业华,全麻,A1,2022/4/14 8:00,第一手术部,三级,0,3-小时
2375137,ZY010001051742,1051742,住院,沈*军,男,310,泌尿外科,择期,双,腰部|,肾占位性病变(R93.403),,经尿道输尿管镜输尿管激光碎石术,56.0x00x005,备根治术,王业华,全麻,A1,2022/4/14 8:00,第一手术部,三级,0,3-小时
2374988,ZY010001049801,1049801,住院,周*源,男,41,骨科关节,择期,右,背部|,皮肤疖(L02.901), 右背,伤口、感染或烧伤的非切除性清创术,86.28,#NAME?,颜连启,会诊麻醉,A6,2022/4/14 8:00,第一手术部,一级,2,1-小时
2374755,ZY010001051317,1051317,住院,张*,男,19,创伤中心2,择期,左,腕部|,多处损伤(T07.x00),左,桡骨骨折切开复位内固定术,79.3201,,王骅,会诊麻醉,A2,2022/4/14 8:00,第二手术部,四级,1,2-小时
2372742,ZY010001050258,1050258,住院,仇*平,女,1718,泌尿外科,择期,右,|,肾积水伴输尿管结石(N13.202),右侧,经尿道输尿管镜肾盂激光碎石术,56.0x00x006,备软镜,周广臣,全麻,A3,2022/4/14 8:00,第一手术部,三级,0,3-小时
2374990,ZY010001051221,1051221,住院,孙*钦,男,1109,胆胰外科,择期,右,腹部|,胆囊结石伴有急性胆囊炎(K80.000),,腹腔镜下胆囊切除术,51.23,,钱建军,全麻,A1,2022/4/14 8:00,第一手术部,三级,2,1-小时
2375021,ZY010001052031,1052031,住院,李*英,女,1261,骨科脊柱,择期,无,胸部|,胸椎骨折(S22.000),,经皮椎骨成形术,81.65,,陶玉平,会诊麻醉,A3,2022/4/14 8:00,第一手术部,四级,1,2-小时
2375091,ZY010001031488,1031488,住院,解*萍,女,1536,妇科,择期,无,|,子宫平滑肌瘤(D25.900),,腹腔镜经腹全子宫切除术,68.41,,王志学,全麻,A3,2022/4/14 8:00,第一手术部,四级,2,2-小时
2373799,ZY010001049791,1049791,住院,刘*明,男,1065,泌尿外科,择期,无,|,膀胱结石(N21.000),,经尿道膀胱镜膀胱激光碎石术,57.0x00x007,,周广臣,会诊麻醉,A4,2022/4/14 8:00,第一手术部,三级,0,1-小时
2375057,ZY010001049384,1049384,住院,李*,女,3051,肝脾外科,择期,右,腹部|,胆囊结石伴有急性胆囊炎(K80.000),,腹腔镜下胆囊切除术,51.23,,蒋国庆,全麻,A6,2022/4/14 8:00,第一手术部,三级,2,2-小时
2374826,ZY010001052673,1052673,住院,贾*芳,女,90,神经外科505,择期,左,头部|,颅内占位性病变(R90.000),左侧,神经导航下颅内病灶切除术,1.5936,,王存祖,全麻,A1,2022/4/14 8:00,第二手术部,四级,1,3-小时
2374831,ZY010001052171,1052171,住院,殷*才,男,45,骨科脊柱,择期,双,腰部|,腰椎骨折(S32.000),,腰椎后柱融合术，后入路,81.0701,,冯新民,会诊麻醉,A1,2022/4/14 8:00,第一手术部,四级,1,2-小时
2375220,ZY010001046473,1046473,住院,洪*龙,男,18,骨科脊柱,临时,无,腹部|,胸部脊髓水肿(S24.001),,下腔静脉滤器取出术,39.4902,,陈兆雷,局麻+心电监护,A5,2022/4/14 8:00,介入诊疗中心,四级,0,1-小时
2375026,ZY010001036226,1036226,住院,吕*茜,女,71,胃肠中心209,择期,无,肛门部|,结肠炎(A09.902),,双(单)气囊小肠镜检查,45.1300x005,,陈洁,全麻,A4,2022/4/14 8:00,内镜手术室,二级,0,1-小时
2375033,ZY010001052112,1052112,住院,赵*香,女,70,肝脾外科,择期,右,腹部|,胆囊结石伴慢性胆囊炎(K80.101),,腹腔镜下胆囊切除术,51.23,,蒋国庆,全麻,A4,2022/4/14 8:00,第一手术部,三级,2,2-小时
2374863,ZY010001049257,1049257,住院,李*娣,女,15,骨科关节,择期,双,大腿部|,股骨颈骨折(S72.000),,下腔静脉滤器取出术,39.4902,,陈兆雷,局麻+心电监护,B2,2022/4/14 10:00,介入诊疗中心,四级,1,1-小时
2375056,ZY010001052570,1052570,住院,张*明,男,20,运动医学科,择期,右,膝部|,膝关节前十字韧带损伤(S83.500x012),右,关节镜膝关节前交叉韧带重建术,81.4504,,费文勇,会诊麻醉,A1,2022/4/14 8:00,日间手术室,四级,1,2-小时
2374883,ZY010001050201,1050201,住院,徐*兰,女,3077,普外甲乳外科,择期,无,|,甲状腺肿瘤(D44.001),,单侧甲状腺切除伴甲状腺峡部切除术,06.2x02,,章佳新,全麻,A3,2022/4/14 8:00,第一手术部,四级,1,1.5-小时
2374887,ZY010001051517,1051517,住院,马*斌,男,1031,普外甲乳外科,择期,右,|,甲状腺肿瘤(D44.001),,单侧甲状腺切除伴甲状腺峡部切除术,06.2x02,,章佳新,全麻,A5,2022/4/14 8:00,第一手术部,四级,1,1.5-小时
2374991,ZY010001049319,1049319,住院,杨*英,女,68,肝脾外科,择期,右,腹部|,脾大(R16.100x001),,全脾切除术,41.5x00,,蒋国庆,全麻,A2,2022/4/14 8:00,第一手术部,四级,2,2-小时
2375092,ZY010001049775,1049775,住院,张*,女,57,骨科脊柱,择期,无,腰部|,腰椎间盘突出(M51.202),,内镜下腰椎髓核切除术,80.5111,,冯新民,会诊麻醉,A5,2022/4/14 8:00,第一手术部,四级,1,1-小时
2375088,ZY010001051088,1051088,住院,吴*,女,57,妇科,择期,无,|,盆腔肿物(R19.002),,开腹探查术,54.11,,王志学,全麻,A1,2022/4/14 8:00,第一手术部,二级,2,2-小时
2375077,ZY010001043931,1043931,住院,吕*莉,女,750,妇科,择期,无,|,子宫内膜息肉(N84.001),,宫腔镜诊断性刮宫术,69.0902,,黄永生,静脉麻醉,B5,2022/4/14 8:00,第一手术部,三级,0,0.5-小时
2373675,ZY010001051431,1051431,住院,张*,男,495,泌尿外科,择期,右,|,输尿管结石(N20.100),右,经尿道输尿管镜输尿管激光碎石术,56.0x00x005,,姚浩,全麻,A1,2022/4/14 8:02,第一手术部,三级,2,1-小时
2373677,ZY010001051401,1051401,住院,刘*义,男,655,泌尿外科,择期,无,|,包皮过长(N47.x01),,包皮环切术,64.0x00,,姚浩,局麻,A2,2022/4/14 8:06,第一手术部,一级,2,0.5-小时
2374998,ZY010001051430,1051430,住院,李*华,女,553,普外甲乳外科,择期,右,胸部|,乳房肿块(N63.x00),右,乳腺局部扩大切除术,85.2300x001,,符德元,局麻(备气管内麻),A1,2022/4/14 9:00,第一手术部,三级,1,0.5-小时
2375096,ZY010001048076,1048076,住院,冯*华,男,13,肾脏内科,择期,左,前臂|,慢性肾脏病5期(N18.001),左上肢,为肾透析的动静脉造瘘术,39.2700x001,,牟洪宾,局麻+心电监护,D1,2022/4/14 9:00,第一手术部,三级,1,2-小时
2375099,ZY010001051965,1051965,住院,季*美,女,41,运动医学科,择期,右,上臂|,肩袖损伤(S46.002),右,肩关节镜下肩袖修补术,81.8300x008,,卢耀甲,会诊麻醉,C2,2022/4/14 9:00,日间手术室,四级,1,2-小时
2375058,ZY010001052601,1052601,住院,张*,男,35,运动医学科,择期,左,膝部|,膝关节前十字韧带完全断裂(S83.500x032),左,关节镜膝关节前交叉韧带重建术,81.4504,,费文勇,会诊麻醉,A2,2022/4/14 9:00,日间手术室,四级,1,2-小时
2374993,ZY010001052475,1052475,住院,刘*香,女,568,普外甲乳外科,择期,右,胸部|,乳房肿块(N63.x00),右乳腺局部扩大切除术备右,单侧乳房根治性切除伴同侧腋窝前哨淋巴结活检术,85.4500x001,,符德元,全麻,A2,2022/4/14 9:00,第一手术部,四级,1,2-小时
2374984,ZY010001052749,1052749,住院,冯*程,男,51,骨科手足,择期,左,腕部|,尺骨远端骨折伴桡骨远端骨折(S52.600x001),左尺骨,桡骨骨折切开复位内固定术,79.3201,,刘宏君,会诊麻醉,A2,2022/4/14 9:00,第二手术部,四级,1,2-小时
2374824,ZY010001050765,1050765,住院,石*英,女,20,心脏大血管病中心,择期,无,胸部|,冠状动脉粥样硬化性心脏病(I25.103),,主动脉-冠状动脉搭桥术,36.1000x001,,唐程斌,全麻,B1,2022/4/14 9:00,心脏大血管病中心手术室,四级,1,4-小时
2375025,ZY010001051872,1051872,住院,郭*清,女,1737,普外甲乳外科,择期,左,胸部|,乳房肿块(N63.x00),左,乳腺局部扩大切除术,85.2300x001,,符德元,局麻(备气管内麻),A6,2022/4/14 9:00,第一手术部,三级,1,2-小时
2375001,ZY010001049766,1049766,住院,谢*恩,男,28,骨科手足,择期,左,足部|,下肢局部肿物(R22.401),左足,腱鞘囊肿切除术,83.3101,,刘宏君,腰麻,A3,2022/4/14 10:00,第二手术部,二级,1,1-小时
2374805,ZY010001050245,1050245,住院,高*,男,17,肾脏内科,择期,右,腹部|,慢性肾脏病5期(N18.001),右侧,腹膜透析腹腔法置管术,54.9300x004,,牟洪宾,局麻+心电监护,A2,2022/4/14 10:00,第一手术部,二级,1,2-小时
2374858,ZY010001052726,1052726,住院,林*华,男,39,普外血管外科,择期,双,大腿部|,下肢动脉硬化闭塞症(I70.204),右,下肢动脉球囊扩张成形术,39.5000x031,,陈兆雷,局麻+心电监护,B1,2022/4/14 8:00,介入诊疗中心,四级,1,1-小时
2375118,ZY010001048350,1048350,住院,王*清,男,8,普外血管外科,择期,右,大腿部|,下肢动脉硬化闭塞症(I70.204),右,下肢动脉球囊扩张成形术,39.5000x031,备支架,陈兆雷,局麻+心电监护,A3,2022/4/14 10:00,第二手术部,四级,1,2-小时
2374884,ZY010001050940,1050940,住院,顾*珍,女,1234,胸外科,择期,右,胸部|,孤立性肺结节(R91.x00x011),右上,胸腔镜下肺楔形切除术,32.2001,,陆世春,全麻,B2,2022/4/14 10:00,第一手术部,四级,2,1-小时
2374820,ZY010001047307,1047307,住院,史*桃,男,18,胸外科,择期,右,胸部|,食管恶性肿瘤(C15.900),胸腹腔镜,胸腔镜下肺病损切除术,32.2003,,金卫国,全麻,A2,2022/4/14 10:00,第一手术部,四级,2,4-小时
2374820,ZY010001047307,1047307,住院,史*桃,男,18,胸外科,择期,右,胸部|,食管恶性肿瘤(C15.900),胸腹腔镜,胸腹联合切口全食管切除术,42.4201,,金卫国,全麻,A2,2022/4/14 10:00,第一手术部,四级,2,4-小时
2375017,ZY010001051916,1051916,住院,王*梅,女,1035,普外甲乳外科,择期,右,胸部|,乳房肿块(N63.x00),右,乳腺局部扩大切除术,85.2300x001,,符德元,局麻(备气管内麻),A3,2022/4/14 10:00,第一手术部,三级,1,0.5-小时
2375087,ZY010001049858,1049858,住院,赵*,女,2125,运动医学科,择期,右,上臂|,肩袖损伤(S46.002),右,肩关节镜下肩袖修补术,81.8300x008,,卢耀甲,会诊麻醉,C3,2022/4/14 10:00,日间手术室,四级,1,2-小时
2375028,ZY010001052630,1052630,住院,管*珍,女,737,普外甲乳外科,择期,左,胸部|,乳房肿块(N63.x00),左乳腺局部扩大切除术备左,单侧乳房根治性切除伴同侧腋窝前哨淋巴结活检术,85.4500x001,,符德元,全麻,A7,2022/4/14 10:00,第一手术部,四级,1,2-小时
2374882,ZY010001052460,1052460,住院,顾*新,男,18,神经外科505,择期,双,头部|,手术后颅骨缺失(Z90.000x003),,颅骨修补术,02.0600x003,,佘磊,全麻,A3,2022/4/14 10:00,第二手术部,二级,1,4-小时
2374882,ZY010001052460,1052460,住院,顾*新,男,18,神经外科505,择期,双,头部|,手术后颅骨缺失(Z90.000x003),,侧脑室腹腔内分流术,2.3401,,佘磊,全麻,A3,2022/4/14 10:00,第二手术部,二级,1,4-小时
2375075,ZY010001052889,1052889,住院,蒋*,女,加8,运动医学科,择期,右,上臂|,锁骨骨折(S42.000),右,锁骨骨折切开复位内固定术,79.3904,,费文勇,会诊麻醉,A3,2022/4/14 10:00,日间手术室,四级,1,2-小时
2375076,ZY010001052481,1052481,住院,卜*洲,男,23,心内科306,择期,左,胸部|,Ⅲ度房室传导阻滞(I44.200),,心脏再同步起搏器置入未提及去除心脏纤颤，全系统[CRT-P],0.5,,顾翔,局麻+心电监护,A1,2022/4/14 10:00,介入诊疗中心,四级,1,2-小时
2375023,ZY010001051036,1051036,住院,周*业,男,21,胃肠中心109,择期,无,腹部|,胃肿瘤(D37.101),,根治性胃切除术,43.9900x004,,石磊,全麻,B2,2022/4/14 10:00,第一手术部,四级,2,3-小时
2374963,ZY010001051989,1051989,住院,戴*成,男,487,神经外科506,择期,无,背部|,椎管内肿物(G95.901),,椎管内病损切除术,03.0100x002,,张恒柱,全麻,A2,2022/4/14 10:30,第二手术部,四级,1,3-小时
2375138,ZY010001053007,1053007,住院,张*伟,女,29,神经外科505,择期,左,头部|,颅骨缺损修补(Z42.001),,颅骨修补术,02.0600x003,,王晓东,全麻,B2,2022/4/14 10:30,第二手术部,二级,1,2-小时
2374806,ZY010001050756,1050756,住院,高*亮,男,23,心脏大血管病中心,择期,无,胸部|,主动脉瓣关闭不全(I35.100),,主动脉瓣生物瓣膜置换术,35.2101,,唐程斌,全麻,A2,2022/4/14 11:00,心脏大血管病中心手术室,四级,1,4-小时
2375079,ZY010001051799,1051799,住院,徐*兰,女,1831,运动医学科,择期,右,膝部|,半月板损伤(M23.308),右,膝关节镜下半月板成形术,81.4700x005,,费文勇,会诊麻醉,A4,2022/4/14 11:00,日间手术室,四级,1,2-小时
2375030,ZY010001052457,1052457,住院,戴*英,女,1525,普外甲乳外科,择期,左,胸部|,乳房肿块(N63.x00),左,乳腺局部扩大切除术,85.2300x001,,符德元,局麻(备气管内麻),A8,2022/4/14 11:00,第一手术部,三级,1,0.5-小时
2375090,ZY010001051569,1051569,住院,陈*兰,女,2105,运动医学科,择期,左,上臂|,肩袖损伤(S46.002),左,肩关节镜下肩袖修补术,81.8300x008,,卢耀甲,会诊麻醉,C4,2022/4/14 11:00,日间手术室,四级,1,2-小时
2375020,ZY010001051903,1051903,住院,沈*凤,女,1030,骨科手足,择期,双,手|,腱鞘炎(M65.910),双拇指,手腱鞘切开探查术,82.0102,,刘宏君,局麻,A4,2022/4/14 11:00,第二手术部,二级,1,1-小时
2375032,ZY010001051390,1051390,住院,陈*,男,6,肾脏内科,择期,左,前臂|,慢性肾脏病5期(N18.001),左上肢,动静脉造瘘后球囊扩张(用于肾透析),39.5000x032,,牟洪宾,局麻+心电监护,D8,2022/4/14 11:00,第一手术部,四级,1,2-小时
2375035,ZY010001052684,1052684,住院,朱*秀,女,1030,普外甲乳外科,择期,右,胸部|,乳房肿块(N63.x00),右,乳腺局部扩大切除术,85.2300x001,,符德元,局麻(备气管内麻),B1,2022/4/14 12:00,第一手术部,三级,1,0.5-小时
2375004,ZY010001052392,1052392,住院,王*锋,女,872,普外甲乳外科,择期,右,胸部|,乳房肿块(N63.x00),右乳腺局部扩大切除术备右,单侧乳腺改良根治术,85.4301,,符德元,全麻,A4,2022/4/14 12:00,第一手术部,三级,1,2-小时
2374868,ZY010001052341,1052341,住院,王*新,男,43,骨科脊柱,择期,双,腰部|,腰椎间盘突出(M51.202),,腰椎后柱融合术，后入路,81.0701,,冯新民,会诊麻醉,A3,2022/4/14 12:00,第一手术部,四级,1,2-小时
2375005,ZY010001052320,1052320,住院,寇*香,女,3036,骨科手足,择期,右,手|,局部肿胀、肿物和肿块(R22.900),右拇指,手部腱鞘囊肿切除术,82.2101,,刘宏君,局麻,A5,2022/4/14 12:00,第二手术部,二级,1,1-小时
2374902,ZY010001050318,1050318,住院,姚*红,女,1397,胸外科,择期,左,胸部|,孤立性肺结节(R91.x00x011),左上,胸腔镜肺叶节段切除术,32.3,,陆世春,全麻,B3,2022/4/14 12:00,第一手术部,四级,2,2-小时
2375117,ZY010001048888,1048888,住院,马*友,男,1217,运动医学科,择期,左,上臂|,肩袖损伤(S46.002),左,肩关节镜下肩袖修补术,81.8300x008,,卢耀甲,会诊麻醉,C5,2022/4/14 12:00,日间手术室,四级,1,2-小时
2375082,ZY010001049636,1049636,住院,李*,女,496,运动医学科,择期,右,膝部|,半月板损伤(M23.308),右,膝关节镜下半月板成形术,81.4700x005,,费文勇,会诊麻醉,A5,2022/4/14 12:00,日间手术室,四级,1,2-小时
2375199,ZY010001050098,1050098,住院,董*安,男,27,胃肠中心109,临时,无,腹部|,胃恶性肿瘤(C16.900),,根治性胃切除术,43.9900x004,,石磊,全麻,B3,2022/4/14 13:00,第一手术部,四级,2,2-小时
2375022,ZY010001052403,1052403,住院,孙*红,女,1241,普外甲乳外科,择期,左,胸部|,乳房肿块(N63.x00),左,乳腺局部扩大切除术,85.2300x001,,符德元,局麻(备气管内麻),A5,2022/4/14 13:00,第一手术部,三级,1,0.5-小时
2374903,ZY010001048006,1048006,住院,丁*花,女,1141,胸外科,择期,右,胸部|,孤立性肺结节(R91.x00x011),右上,胸腔镜下肺病损切除术,32.2003,,陆世春,全麻,B4,2022/4/14 14:00,第一手术部,四级,2,2-小时
