﻿申请号,住院流水号,住院号,类别,姓名,性别,床号,申请科室,手术类别,部位,部位名称,诊断,手术前缀,手术名称,手术编码3.0,手术后缀,手术者,麻醉方式,台序,拟手术日期,手术室,手术级别,切口类型,预估手术时长
2398419,ZY010001061244,1061244,住院,蔡*凤,女,12,胃肠中心109,择期,无,|,胃肿瘤(D37.101),,内镜下胃黏膜下剥离术[ESD],43.4107,,石磊,全麻,A1,2022/5/12 8:00,第一手术部,四级,0,2-小时
2398425,ZY010001061201,1061201,住院,鞠*庆,男,477,泌尿外科,择期,无,|,膀胱肿瘤(D41.401),,膀胱镜检查,57.3200x001,备TURBT,周广臣,全麻,A4,2022/5/12 8:00,第一手术部,一级,0,1-小时
2398416,ZY010001059781,1059781,住院,张*,女,59,泌尿外科,择期,左,|,单纯性肾囊肿(N28.101),,腹腔镜下肾囊肿去顶术,55.0106,,周广臣,全麻,A2,2022/5/12 8:00,第一手术部,三级,0,1-小时
2398476,ZY010001062241,1062241,住院,陈*凤,女,2045,普外甲乳外科,择期,右,胸部|,乳腺肿瘤(D48.601),右乳腺局部扩大切除术备右,单侧保乳乳腺改良根治术,85.4302,,符德元,全麻,A1,2022/5/12 8:00,第一手术部,三级,1,2.5-小时
2398295,ZY010001061963,1061963,住院,陈*昌,男,19,创伤中心2,择期,右,小腿部|,肱骨骨折(S42.301),右,腓骨骨折切开复位钢板内固定术,79.3600x017,,王骅,会诊麻醉,A2,2022/5/12 8:00,第二手术部,四级,1,4-小时
2398295,ZY010001061963,1061963,住院,陈*昌,男,19,创伤中心2,择期,右,小腿部|,肱骨骨折(S42.301),右,胫骨骨折切开复位内固定术,79.3601,,王骅,会诊麻醉,A2,2022/5/12 8:00,第二手术部,四级,1,4-小时
2398295,ZY010001061963,1061963,住院,陈*昌,男,19,创伤中心2,择期,右,小腿部|,肱骨骨折(S42.301),右,肱骨骨折切开复位钢板内固定术,79.3100x005,,王骅,会诊麻醉,A2,2022/5/12 8:00,第二手术部,四级,1,4-小时
2398480,ZY010001062710,1062710,住院,仇*,女,1352,普外甲乳外科,择期,左,胸部|,乳腺肿瘤(D48.601),左乳腺局部扩大切除术备左,单侧乳腺改良根治术,85.4301,,符德元,全麻,A4,2022/5/12 8:00,第一手术部,三级,1,2-小时
2398505,ZY010001062006,1062006,住院,张*兰,女,25,普外血管外科,择期,左,大腿部|,下肢静脉功能不全(I87.201),左,大隐静脉主干激光闭合术,38.5900x003,#NAME?,陈兆雷,全麻,A1,2022/5/12 8:00,第二手术部,三级,1,2-小时
2398505,ZY010001062006,1062006,住院,张*兰,女,25,普外血管外科,择期,左,大腿部|,下肢静脉功能不全(I87.201),左,髂静脉支架置入术,39.9000x011,#NAME?,陈兆雷,全麻,A1,2022/5/12 8:00,第二手术部,三级,1,2-小时
2398479,ZY010001063058,1063058,住院,成*珍,女,956,普外甲乳外科,择期,右,胸部|,乳房结节(N63.x01),右,乳腺局部扩大切除术,85.2300x001,,符德元,局麻,A3,2022/5/12 8:00,第一手术部,三级,1,0.5-小时
2398499,ZY010001061483,1061483,住院,金*英,女,15,妇科,择期,双,|,盆腔肿瘤(D48.716),,开腹探查术,54.11,,孙桂芳,会诊麻醉,D1,2022/5/12 8:00,第一手术部,二级,2,3-小时
2398507,ZY010001061800,1061800,住院,王*江,男,50,骨科创伤,择期,左,踝部|,踝关节骨折(S82.800x082),左侧,踝关节骨折切开复位内固定术,79.3603,,高红伟,会诊麻醉,A1,2022/5/12 8:00,第二手术部,四级,1,2-小时
2398719,ZY010001061759,1061759,住院,费*玲,女,590,妇科,择期,双,腹部|,子宫内膜恶性肿瘤(C54.100),,腹腔镜经腹全子宫切除术,68.41,,王志学,全麻,A2,2022/5/12 8:00,第一手术部,四级,2,2-小时
2398718,ZY010001059915,1059915,住院,邓*强,男,21,眼科,择期,左,眼部|,人工晶体移位(T85.202),左眼,人工晶状体悬吊术,13.9002,（备玻切）,华欣,局麻+心电监护,B2,2022/5/12 8:00,日间手术室,三级,1,1-小时
2398313,ZY010001062563,1062563,住院,张*兰,女,1118,普外甲乳外科,择期,右,胸部|,乳房肿块(N63.x00),右,乳腺局部扩大切除术,85.2300x001,,何春兰,局麻,A2,2022/5/12 8:00,第一手术部,三级,1,1-小时
2398417,ZY010001062452,1062452,住院,唐*珍,女,29,泌尿外科,择期,左,|,特发性肾积水(N13.300x003),,输尿管镜检查,56.31,备软镜,周广臣,全麻,A3,2022/5/12 8:00,第一手术部,二级,0,1-小时
2398795,ZY010001062218,1062218,住院,唐*红,女,1843,烧伤整形外科,临时,无,颈部|,皮下肿物(R22.902),颈部,皮肤病损根治性切除术,86.4x00,,刘亦峰,局麻,C3,2022/5/12 8:00,烧伤整形外科手术室,三级,1,1-小时
2398935,ZY010001056119,1056119,住院,陈*,女,57,眼科,临时,右,眼部|,心力衰竭(I50.900),右眼,后入路玻璃体切割术,14.7401,,华欣,局麻+心电监护,C2,2022/5/12 8:00,日间手术室,四级,1,1.0-小时
2398308,ZY010001061434,1061434,住院,崇*云,女,15,普外甲乳外科,择期,左,|,乳腺肿瘤(D48.601),左侧,乳腺局部扩大切除术,85.2300x001,单切+前哨淋巴结,章佳新,全麻,A1,2022/5/12 8:00,第一手术部,三级,1,2-小时
2398422,ZY010001063085,1063085,住院,徐*珍,女,50,骨科脊柱,择期,无,胸部|,胸椎骨折(S22.000),,经皮椎体增强,81.66,,冯新民,会诊麻醉,A1,2022/5/12 8:00,第一手术部,四级,1,1-小时
2398430,ZY010001060810,1060810,住院,丁*,女,11,胃肠中心109,择期,无,腹部|,肥胖症(E66.900),,腹腔镜胃部分切除术,43.8201,（袖状胃切除术）,王道荣,全麻,A1,2022/5/12 8:00,第一手术部,四级,2,2-小时
2398431,ZY010001063123,1063123,住院,王*鹰,男,43,骨科创伤,择期,左,跟部|,跟腱断裂(S86.001),左,跟腱缝合术,83.6402,,周岳来,会诊麻醉,A2,2022/5/12 8:00,第二手术部,二级,1,2-小时
2398475,ZY010001062333,1062333,住院,冷*进,女,1157,普外甲乳外科,择期,右,胸部|,乳房肿块(N63.x00),右乳腺局部扩大切除术备右,单侧乳腺改良根治术,85.4301,,符德元,全麻,A2,2022/5/12 8:00,第一手术部,三级,1,3-小时
2398498,ZY010001063033,1063033,住院,杨*云,女,494,普外甲乳外科,择期,右,胸部|,乳房结节(N63.x01),右乳腺局部扩大切除术备右,单侧乳房根治性切除伴同侧腋窝前哨淋巴结活检术,85.4500x001,,符德元,全麻,A7,2022/5/12 8:00,第一手术部,四级,1,2-小时
2398423,ZY010001059927,1059927,住院,朱*山,男,57,骨科手足,择期,右,腕部|,腕关节脱位(S63.000),右上肢清创植皮+,桡骨骨折切开复位内固定术,79.3201,（备腕骨复位固定）,刘宏君,会诊麻醉,A1,2022/5/12 8:00,第二手术部,四级,2,2-小时
2398724,ZY010001062143,1062143,住院,刘*,女,22,泌尿外科,择期,左,|,输尿管狭窄(N13.504),,腹腔镜下肾盂输尿管成形术,55.8703,,周广臣,全麻,A7,2022/5/12 8:00,第一手术部,四级,2,2-小时
2398623,ZY010001060811,1060811,住院,李*顾,男,18,介入放射科,临时,无,|,肝恶性肿瘤(C22.900),肝,动脉化疗栓塞,99.2501,,吕朋华,局麻+心电监护,A5,2022/5/12 8:00,介入诊疗中心,四级,0,1-小时
2398502,ZY010001063004,1063004,住院,陈*华,女,1184,普外甲乳外科,择期,右,胸部|,乳腺肿瘤(D48.601),右乳腺局部扩大切除术备右,单侧乳腺改良根治术,85.4301,,符德元,全麻,A8,2022/5/12 8:00,第一手术部,三级,1,2-小时
2398301,ZY010001062837,1062837,住院,盛*珍,女,43,心内科206,择期,右,|,主动脉瓣狭窄(I35.000),,经导管主动脉瓣植入术,35.0501,,廖清池,全麻,C2,2022/5/12 8:00,介入诊疗中心,四级,1,2-小时
2398301,ZY010001062837,1062837,住院,盛*珍,女,43,心内科206,择期,右,|,主动脉瓣狭窄(I35.000),,单根导管的冠状动脉造影术,88.55,,廖清池,全麻,C2,2022/5/12 8:00,介入诊疗中心,四级,1,2-小时
2398311,ZY010001062197,1062197,住院,胡*林,女,787,普外甲乳外科,择期,右,胸部|,乳房肿块(N63.x00),右,乳腺局部扩大切除术,85.2300x001,,何春兰,局麻,A1,2022/5/12 8:00,第一手术部,三级,1,1-小时
2398312,ZY010001062494,1062494,住院,朱*宁,女,2174,普外甲乳外科,择期,右,胸部|,乳房肿块(N63.x00),右,乳腺局部扩大切除术,85.2300x001,,何春兰,局麻,A3,2022/5/12 8:00,第一手术部,三级,1,1-小时
2398615,ZY010001062291,1062291,住院,郭*珍,女,13,妇科,择期,无,|,子宫平滑肌瘤(D25.900),,腹腔镜经腹全子宫切除术,68.41,#NAME?,黄永生,全麻,B2,2022/5/12 8:00,第一手术部,四级,2,1-小时
2398675,ZY010001062731,1062731,住院,黄*福,男,16,介入放射科,临时,无,|,胃恶性肿瘤(C16.900),,经皮经肝胆管引流术,51.9804,,吕朋华,局麻+心电监护,C5,2022/5/12 8:00,介入诊疗中心,四级,0,1-小时
2398617,ZY010001062386,1062386,住院,鲁*阳,男,2165,泌尿外科,择期,左,|,肾积水伴肾结石(N13.201),左侧,经尿道输尿管镜肾盂激光碎石术,56.0x00x006,,王业华,全麻,A5,2022/5/12 8:00,第一手术部,三级,0,1-小时
2398618,ZY010001062196,1062196,住院,吴*建,男,1034,神经外科506,择期,右,头部|,颅内占位性病变(R90.000),,神经导航下颅内病灶切除术,1.5936,,张恒柱,全麻,A1,2022/5/12 8:00,第二手术部,四级,1,4-小时
2398620,ZY010001057503,1057503,住院,胡*学,男,32,眼科,择期,右,眼部|,糖尿病性白内障(E14.300x061+H28.0*),右眼,白内障超声乳化抽吸术,13.4100x001,#NAME?,华欣,局麻+心电监护,B5,2022/5/12 8:00,日间手术室,三级,1,0.5-小时
2398555,ZY010001062101,1062101,住院,秦*妍,女,33,口腔科,择期,无,|,不完全性腭裂(Q35.903),,腭裂修补术,27.6200x003,,邱建平,全麻,A1,2022/5/12 8:00,第一手术部,三级,2,1-小时
2398275,ZY010001062278,1062278,住院,马*,女,43,胸外科,择期,右,胸部|,纵隔肿物(J98.507),右,胸腔镜下纵隔病损切除术,34.3x04,,贺建胜,全麻,A1,2022/5/12 8:00,第一手术部,四级,1,2-小时
2398512,ZY010001061810,1061810,住院,陆*林,男,66,骨科创伤,择期,左,上臂|,多处损伤(T07.x00),左侧,肱骨骨折切开复位内固定术,79.3101,#NAME?,高红伟,会诊麻醉,A2,2022/5/12 8:00,第二手术部,四级,1,2-小时
2398514,ZY010001062653,1062653,住院,徐*琴,女,3027,普外甲乳外科,择期,无,颈部|,胸骨后甲状腺肿(E04.901),,胸骨下甲状腺切除术,6.5,,祝玉祥,全麻,A6,2022/5/12 8:00,第一手术部,四级,1,2-小时
2398621,ZY010001062473,1062473,住院,吕*红,女,366,耳鼻咽喉头颈外科,择期,双,咽部|,声带息肉(J38.102),双侧,内镜下声带病损切除术,30.0905,,严齐,全麻,A3,2022/5/12 8:00,第一手术部,三级,2,1-小时
2398496,ZY010001062805,1062805,住院,陈*卫,女,454,普外甲乳外科,择期,右,胸部|,乳腺肿瘤(D48.601),右乳腺局部扩大切除术备右,单侧乳腺改良根治术,85.4301,,符德元,全麻,A6,2022/5/12 8:00,第一手术部,三级,1,2-小时
2398723,ZY010001055896,1055896,住院,李*,女,57,妇科,择期,双,腹部|,卵巢囊肿(N83.201),,腹腔镜卵巢病损切除术,65.2501,,王志学,全麻,A4,2022/5/12 8:00,第一手术部,三级,2,1-小时
2398508,ZY010001061539,1061539,住院,任*信,女,1336,普外甲乳外科,择期,无,颈部|,甲状腺肿瘤(D44.001),,单侧甲状腺切除伴甲状腺峡部切除术,06.2x02,,祝玉祥,全麻,A4,2022/5/12 8:00,第一手术部,四级,1,2-小时
2398433,ZY010001062541,1062541,住院,陈*梅,女,380,肝脾外科,择期,右,|,胆囊结石伴有急性胆囊炎(K80.000),,腹腔镜下胆囊切除术,51.23,,蒋国庆,全麻,A1,2022/5/12 8:00,第一手术部,三级,2,1-小时
2398434,ZY010001060561,1060561,住院,曹*宝,男,35,创伤中心2,择期,左,髋部|,软组织感染(L08.900x021),左,伤口、感染或烧伤的切除性清创术,86.22,#NAME?,王骅,局麻,A3,2022/5/12 8:00,第二手术部,一级,1,1-小时
2398495,ZY010001061948,1061948,住院,崔*,男,691,泌尿外科,择期,双,|,精索静脉曲张(I86.101),,腹腔镜精索静脉高位结扎术,63.1x03,,俞俊杰,全麻,B3,2022/5/12 8:00,第一手术部,三级,0,1-小时
2398427,ZY010001063115,1063115,住院,陈*,男,加3,骨科创伤,择期,右,前臂|,桡骨骨折(S52.801),右,桡骨骨折切开复位内固定术,79.3201,,周岳来,会诊麻醉,A1,2022/5/12 8:00,第二手术部,四级,1,2-小时
2398427,ZY010001063115,1063115,住院,陈*,男,加3,骨科创伤,择期,右,前臂|,桡骨骨折(S52.801),右,尺骨骨折切开复位内固定术,79.3202,,周岳来,会诊麻醉,A1,2022/5/12 8:00,第二手术部,四级,1,2-小时
2398622,ZY010001062077,1062077,住院,高*华,女,8,神经外科506,择期,左,头部|,颅内占位性病变(R90.000),,神经导航下颅内病灶切除术,1.5936,,张恒柱,全麻,B1,2022/5/12 8:00,第二手术部,四级,1,3.5-小时
2398477,ZY010001061425,1061425,住院,徐*芳,女,17,骨科关节,择期,右,膝部|,单侧膝关节骨性关节病(M17.900x004),右侧,全部膝关节置换,81.54,,颜连启,会诊麻醉,A1,2022/5/12 8:00,第一手术部,四级,1,2-小时
2398325,ZY010001053936,1053936,住院,陈*珍,女,13,胸外科,择期,右,胸部|,食管恶性肿瘤(C15.900),右侧,胸导管结扎术,40.64,,金卫国,全麻,B1,2022/5/12 8:00,第一手术部,四级,2,2-小时
2398509,ZY010001062110,1062110,住院,姚*祥,男,532,肝脾外科,择期,右,|,胆囊结石伴慢性胆囊炎急性发作(K80.000x004),,腹腔镜下胆囊切除术,51.23,,蒋国庆,全麻,A4,2022/5/12 8:00,第一手术部,三级,2,1-小时
2398305,ZY010001061957,1061957,住院,许*英,女,20,泌尿外科,择期,左,|,肾肿瘤(D41.001),,腹腔镜下单侧肾切除术,55.5103,,俞俊杰,全麻,A6,2022/5/12 8:00,第一手术部,四级,2,3-小时
2398722,ZY010001052978,1052978,住院,李*琴,女,12,妇科,择期,双,腹部|,卵巢囊肿(N83.201),,腹腔镜卵巢病损切除术,65.2501,,王志学,全麻,D5,2022/5/12 8:00,第一手术部,三级,2,1-小时
2398497,ZY010001061045,1061045,住院,耿*华,女,43,眼科,择期,右,眼部|,视网膜脱离(H33.200x002),右眼,后入路玻璃体切割术,14.7401,,华欣,局麻+心电监护,D4,2022/5/12 8:00,日间手术室,四级,1,1.5-小时
2398535,ZY010001060573,1060573,住院,张*娟,女,45,眼科,择期,左,眼部|,硅油注入术后(Z54.000x035),左眼,后入路玻璃体切割术,14.7401,,华欣,局麻,A7,2022/5/12 8:00,日间手术室,四级,1,1.5-小时
2398470,ZY010001058419,1058419,住院,张*玉,女,36,运动医学科,择期,右,肩部|,肩袖损伤(S46.002),右,肩关节镜下肩袖修补术,81.8300x008,,卢耀甲,会诊麻醉,C1,2022/5/12 8:00,日间手术室,四级,1,1.5-小时
2398609,ZY010001057682,1057682,住院,仲*珍,女,57,烧伤整形外科,择期,右,足部|,2型糖尿病性足溃疡和周围神经病(E11.700x032),右足扩创+修复术+,创面封闭式负压引流术（VSD),86.0401,,徐刚,腰麻,A5,2022/5/12 8:00,烧伤整形外科手术室,三级,4,1-小时
2398531,ZY010001061412,1061412,住院,袁*冬,女,56,眼科,择期,左,眼部|,2型糖尿病性视网膜病变(E11.301+H36.0*),左眼,后入路玻璃体切割术,14.7401,,华欣,局麻,C4,2022/5/12 8:00,日间手术室,四级,1,1.5-小时
2398597,ZY010001061184,1061184,住院,史*鹏,男,358,口腔科,择期,无,|,下颌骨骨折(S02.600),,下颌骨内固定装置取出术,76.9701,,邱建平,全麻,A5,2022/5/12 8:00,第一手术部,二级,2,1-小时
2398602,ZY010001061180,1061180,住院,张*,女,1827,妇科,择期,无,|,不完全性药物流产(O04.401),,宫腔镜诊断性刮宫术,69.0902,,孙桂芳,会诊麻醉,D2,2022/5/12 8:00,第一手术部,三级,0,1-小时
2398355,ZY010001062418,1062418,住院,朱*生,男,26,骨科脊柱,择期,无,颈部|,脊髓损伤(T09.300),,颈椎前路椎管减压术,03.0900x005,,陶玉平,会诊麻醉,A2,2022/5/12 8:00,第一手术部,四级,1,2-小时
2398375,ZY010001062986,1062986,住院,江*祥,男,8,创伤中心2,择期,左,上臂|,多处损伤(T07.x00),左,锁骨骨折切开复位钢板内固定术,79.3900x051,,王骅,会诊麻醉,A1,2022/5/12 8:00,第二手术部,四级,1,1-小时
2398610,ZY010001061543,1061543,住院,谢*芹,女,50,胆胰外科,择期,右,腹部|,胆总管结石伴胆管炎(K80.302),,腹腔镜下胆总管切开取石术,51.8803,,钱建军,全麻,A2,2022/5/12 8:00,第一手术部,四级,2,1.5-小时
2398655,ZY010001060371,1060371,住院,胡*燕,女,1885,胆胰外科,择期,右,腹部|,胆囊结石伴有急性胆囊炎(K80.000),,腹腔镜下胆囊切除术,51.23,,钱建军,全麻,A4,2022/5/12 8:00,第一手术部,三级,2,1-小时
2398614,ZY010001062524,1062524,住院,吴*瑶,女,977,妇科,择期,无,|,妊娠状态(Z33.x00x001),,终止妊娠刮宫术,69.0101,,黄永生,静脉麻醉,B4,2022/5/12 8:00,第一手术部,一级,0,0.5-小时
2398380,ZY010001061148,1061148,住院,钟*亮,男,3,泌尿外科,择期,无,|,膀胱肿瘤(D41.401),,经尿道膀胱病损电切术,57.4900x001,,王业华,全麻,A3,2022/5/12 8:00,第一手术部,四级,0,2-小时
2398604,ZY010001059986,1059986,住院,刘*凤,女,10,烧伤整形外科,择期,双,小腿部|,三度烧伤(T30.300),双下肢扩创+,中厚皮片移植术,86.6902,,徐刚,腰麻,C8,2022/5/12 8:00,烧伤整形外科手术室,四级,4,1-小时
2398635,ZY010001061997,1061997,住院,赵*琴,女,400,胆胰外科,择期,右,腹部|,胆囊结石伴慢性胆囊炎急性发作(K80.000x004),,腹腔镜下胆囊切除术,51.23,,钱建军,全麻,A3,2022/5/12 8:00,第一手术部,三级,2,1-小时
2398697,ZY010001062072,1062072,住院,郑*,男,33,泌尿外科,择期,右,|,肾积水伴输尿管结石(N13.202),右侧,经尿道输尿管镜输尿管激光碎石术,56.0x00x005,备软镜,王业华,全麻,B1,2022/5/12 8:00,第一手术部,三级,0,1-小时
2398481,ZY010001062377,1062377,住院,李*胜,男,2163,眼科,择期,右,眼部|,老年性白内障(H25.900),右眼,白内障超声乳化抽吸术,13.4100x001,#NAME?,华欣,局麻+心电监护,C8,2022/5/12 8:00,日间手术室,三级,1,0.5-小时
2398523,ZY010001062282,1062282,住院,倪*,女,908,普外甲乳外科,择期,无,颈部|,甲状腺结节(E04.101),,单侧甲状腺切除伴甲状腺峡部切除术,06.2x02,,祝玉祥,全麻,B1,2022/5/12 8:00,第一手术部,四级,1,2-小时
2398595,ZY010001061645,1061645,住院,夏*兰,女,17,妇科,择期,无,|,腹腔积液(R18.x00x005),,腹腔镜检查,54.21,(备双附件切除),黄永生,全麻,B1,2022/5/12 8:00,第一手术部,四级,2,4-小时
2398595,ZY010001061645,1061645,住院,夏*兰,女,17,妇科,择期,无,|,腹腔积液(R18.x00x005),, ,#N/A,(备双附件切除),黄永生,全麻,B1,2022/5/12 8:00,第一手术部,四级,2,4-小时
2398601,ZY010001062528,1062528,住院,陆*静,女,56,妇科,择期,无,|,子宫粘膜下平滑肌瘤(D25.000x001),,宫腔镜检查,68.1200x001,,黄永生,静脉麻醉,B3,2022/5/12 8:00,第一手术部,二级,0,1-小时
2398757,ZY010001061495,1061495,住院,李*珍,女,46,心脏大血管病中心,临时,无,胸部|,心脏瓣膜病(I38.x01),,三尖瓣成形术,35.1401,,唐程斌,全麻,B1,2022/5/12 8:00,心脏大血管病中心手术室,四级,1,3-小时
2398757,ZY010001061495,1061495,住院,李*珍,女,46,心脏大血管病中心,临时,无,胸部|,心脏瓣膜病(I38.x01),,主动脉-冠状动脉搭桥术,36.1000x001,,唐程斌,全麻,B1,2022/5/12 8:00,心脏大血管病中心手术室,四级,1,3-小时
2398255,ZY010001059855,1059855,住院,卞*芹,女,1,心内科306,择期,无,|,心房颤动(I48.x01),,心脏射频消融改良迷宫术,37.3306,,顾翔,全麻,A5,2022/5/12 8:00,介入诊疗中心,四级,1,4-小时
2398255,ZY010001059855,1059855,住院,卞*芹,女,1,心内科306,择期,无,|,心房颤动(I48.x01),,经皮左心耳封堵术,37.9000x001,,顾翔,全麻,A5,2022/5/12 8:00,介入诊疗中心,四级,1,4-小时
2398519,ZY010001062006,1062006,住院,张*兰,女,25,普外血管外科,择期,左,大腿部|,下肢静脉功能不全(I87.201),左,大隐静脉主干激光闭合术,38.5900x003,#NAME?,陈兆雷,全麻,B1,2022/5/12 8:00,介入诊疗中心,三级,1,2-小时
2398519,ZY010001062006,1062006,住院,张*兰,女,25,普外血管外科,择期,左,大腿部|,下肢静脉功能不全(I87.201),左,髂静脉支架置入术,39.9000x011,#NAME?,陈兆雷,全麻,B1,2022/5/12 8:00,介入诊疗中心,三级,1,2-小时
2398529,ZY010001059918,1059918,住院,环*园,男,42,眼科,择期,右,眼部|,2型糖尿病性视网膜病变(E11.301+H36.0*),右眼,后入路玻璃体切割术,14.7401,,华欣,局麻+心电监护,D8,2022/5/12 8:00,日间手术室,四级,1,1.5-小时
2398606,ZY010001051581,1051581,住院,杨*辰,男,1121,耳鼻咽喉头颈外科,择期,无,咽部|,腺样体肥大(J35.200),,鼻内镜下腺样体等离子切除术,28.6x00x006,,焦成,全麻,A2,2022/5/12 8:00,第一手术部,三级,2,1-小时
2398738,ZY010001060392,1060392,住院,陈*婷,女,427,妇科,择期,双,腹部|,子宫颈上皮内瘤变III级[CINIII级](D06.900x002),,子宫颈锥形电切术,67.3202,,王志学,全麻,A5,2022/5/12 8:00,第一手术部,二级,2,0.5-小时
2398379,ZY010001058245,1058245,住院,卜*柳,女,1884,普外甲乳外科,择期,无,|,甲状腺肿瘤(D44.001),,腔镜下甲状腺大部切除术,6.3902,,章佳新,全麻,A4,2022/5/12 8:00,第一手术部,四级,1,2-小时
2398517,ZY010001054498,1054498,住院,史*祥,男,618,肝脾外科,择期,右,|,胆囊结石伴慢性胆囊炎急性发作(K80.000x004),,腹腔镜下胆囊切除术,51.23,,蒋国庆,全麻,A3,2022/5/12 8:00,第一手术部,三级,2,1-小时
2398525,ZY010001062442,1062442,住院,徐*英,女,35,烧伤整形外科,择期,左,臀部|,皮下肿物(R22.902),皮下肿物切除修复术+,创面封闭式负压引流术（VSD),86.0401,,刘亦峰,会诊麻醉,C1,2022/5/12 8:00,烧伤整形外科手术室,三级,2,1-小时
2398599,ZY010001061272,1061272,住院,汤*涛,男,2,泌尿外科,择期,左,|,睾丸鞘膜积液(N43.301),,睾丸鞘膜翻转术,61.4904,,周广臣,会诊麻醉,A6,2022/5/12 8:00,第一手术部,一级,2,1-小时
2398613,ZY010001058820,1058820,住院,朱*,女,68,烧伤整形外科,择期,右,足部|,2型糖尿病足病(E11.503),右足扩创+修复术（备植皮）+,创面封闭式负压引流术（VSD),86.0401,,徐刚,腰麻,C7,2022/5/12 8:00,烧伤整形外科手术室,三级,4,1-小时
2398699,ZY010001061281,1061281,住院,张*山,男,48,肛肠科,择期,无,肛门部|,肛瘘(K60.300),,肛门瘘管切除术,49.12,,朱传想,腰麻,A1,2022/5/12 8:00,肛肠科手术室,二级,3,1-小时
2398465,ZY010001061435,1061435,住院,刘*强,男,1051,泌尿外科,择期,无,|,膀胱结石(N21.000),,经尿道膀胱镜膀胱激光碎石术,57.0x00x007,,周广臣,全麻,A5,2022/5/12 8:00,第一手术部,三级,0,1-小时
2398608,ZY010001057558,1057558,住院,刘*祥,男,15,泌尿外科,择期,无,|,前列腺增生(N40.x00),,经尿道前列腺激光切除术[TULIP手术],60.2100x001,#NAME?,王业华,会诊麻醉,A6,2022/5/12 8:00,第一手术部,四级,0,3-小时
2398636,ZY010001062337,1062337,住院,张*香,女,1260,妇科,择期,无,|,子宫内节育器嵌顿(T83.303),,宫腔镜子宫内避孕器取出术,97.7102,,黄永生,静脉麻醉,B5,2022/5/12 8:00,第一手术部,三级,0,0.5-小时
2398315,ZY010001059790,1059790,住院,周*琴,女,61,胃肠中心309,择期,无,腹部|,结肠肿瘤(D37.401),,腹腔镜下胆囊切除术,51.23,,王道荣,全麻,B1,2022/5/12 8:00,第一手术部,三级,2,2-小时
2398315,ZY010001059790,1059790,住院,周*琴,女,61,胃肠中心309,择期,无,腹部|,结肠肿瘤(D37.401),,腹腔镜右半结肠切除术,17.33,,王道荣,全麻,B1,2022/5/12 8:00,第一手术部,三级,2,2-小时
2398378,ZY010001055613,1055613,住院,唐*,女,2102,普外甲乳外科,择期,无,|,甲状腺肿瘤(D44.001),,腔镜下甲状腺大部切除术,6.3902,,章佳新,全麻,A3,2022/5/12 8:00,第一手术部,四级,1,2-小时
2398598,ZY010001061843,1061843,住院,刘*红,女,10,胆胰外科,择期,右,腹部|,肝占位性病变(R93.203),,腹腔镜下肝部分切除术,50.2205,,钱建军,全麻,A1,2022/5/12 8:00,第一手术部,四级,2,3-小时
2398600,ZY010001062132,1062132,住院,沈*炳,男,522,口腔科,择期,右,|,根尖囊肿(K04.801),右侧,口腔病损切除术,27.4906,,邱建平,全麻,A6,2022/5/12 8:00,第一手术部,三级,2,1-小时
2398698,ZY010001058566,1058566,住院,陶*兰,女,19,妇科,择期,双,腹部|,宫颈恶性肿瘤(C53.900),,子宫广泛性切除术,68.6900x001,,王志学,全麻,A3,2022/5/12 8:00,第一手术部,四级,2,3-小时
2398695,ZY010001060516,1060516,住院,王*荣,男,1507,胆胰外科,择期,右,腹部|,胆囊结石伴有急性胆囊炎(K80.000),,腹腔镜下胆囊切除术,51.23,,钱建军,全麻,A5,2022/5/12 8:00,第一手术部,三级,2,1-小时
2398461,ZY010001061899,1061899,住院,袁*燕,女,769,普外甲乳外科,择期,无,颈部|,甲状腺恶性肿瘤(C73.x00),,腔镜下甲状腺部分切除术,6.3908,,祝玉祥,全麻,A2,2022/5/12 8:00,第一手术部,四级,1,2-小时
2398385,ZY010001058444,1058444,住院,凌*利,女,9,妇科,择期,双,腹部|,子宫平滑肌瘤(D25.900),,腹腔镜经腹全子宫切除术,68.41,,王志学,全麻,A1,2022/5/12 8:00,第一手术部,四级,2,1.5-小时
2398460,ZY010001061841,1061841,住院,郑*丽,女,536,普外甲乳外科,择期,无,颈部|,甲状腺肿瘤(D44.001),,单侧甲状腺切除伴甲状腺峡部切除术,06.2x02,,祝玉祥,全麻,A1,2022/5/12 8:00,第一手术部,四级,1,2-小时
2398467,ZY010001062301,1062301,住院,张*凤,女,1141,眼科,择期,左,眼部|,老年性白内障(H25.900),左眼,白内障超声乳化抽吸术,13.4100x001,#NAME?,华欣,局麻+心电监护,D7,2022/5/12 8:00,日间手术室,三级,1,0.5-小时
2398377,ZY010001060456,1060456,住院,郜*香,女,564,普外甲乳外科,择期,无,|,甲状腺肿瘤(D44.001),,腔镜下甲状腺大部切除术,6.3902,,章佳新,全麻,A2,2022/5/12 8:00,第一手术部,四级,1,2-小时
2398469,ZY010001062677,1062677,住院,胡*云,女,1155,眼科,择期,左,眼部|,老年性白内障(H25.900),左眼,白内障超声乳化抽吸术,13.4100x001,#NAME?,华欣,局麻+心电监护,A5,2022/5/12 8:00,日间手术室,三级,1,0.5-小时
2398515,ZY010001062364,1062364,住院,戴*萍,女,1063,眼科,择期,左,眼部|,老年性白内障(H25.900),左眼,白内障超声乳化抽吸术,13.4100x001,#NAME?,华欣,局麻+心电监护,A3,2022/5/12 8:00,日间手术室,三级,1,0.5-小时
2398522,ZY010001061557,1061557,住院,毛*碧,女,1398,普外甲乳外科,择期,无,颈部|,桥本甲状腺炎(E06.304),,甲状腺大部切除术,6.3901,,祝玉祥,全麻,A5,2022/5/12 8:00,第一手术部,三级,1,2-小时
2398528,ZY010001062605,1062605,住院,吴*玲,女,22,普外甲乳外科,择期,右,胸部|,乳房肿块(N63.x00),右,单侧根治性乳房切除术,85.45,,祝玉祥,全麻,B3,2022/5/12 8:00,第一手术部,四级,1,3-小时
2398534,ZY010001062113,1062113,住院,蒋*锋,男,1531,泌尿外科,择期,右,|,肾结石(N20.000),右侧,经尿道输尿管镜肾盂激光碎石术,56.0x00x006,,王业华,全麻,A4,2022/5/12 8:00,第一手术部,三级,0,2-小时
2398596,ZY010001061080,1061080,住院,杨*珍,女,70,口腔科,择期,右,|,颊部肿物(R22.004),右侧,口腔病损切除术,27.4906,,邱建平,全麻,A4,2022/5/12 8:00,第一手术部,三级,2,1-小时
2398612,ZY010001059920,1059920,住院,石*,女,25,泌尿外科,择期,右,|,肾占位性病变(R93.403),右侧,腹腔镜下肾部分切除术,55.4x03,#NAME?,王业华,全麻,A2,2022/5/12 8:00,第一手术部,四级,2,2-小时
2398637,ZY010001060600,1060600,住院,张*,男,3,神经内科503,择期,左,|,脑梗死(I63.900),左侧,经皮椎动脉支架置入术,00.6400x009,,吕朋华,局麻+心电监护,B8,2022/5/12 8:00,介入诊疗中心,四级,0,1-小时
2398740,ZY010001061840,1061840,住院,顾*,女,26,妇科,择期,双,腹部|,子宫平滑肌瘤(D25.900),,腹腔镜子宫病损切除术,68.2912,,王志学,全麻,D6,2022/5/12 8:00,第一手术部,四级,2,1-小时
2398607,ZY010001062195,1062195,住院,陈*军,男,33,耳鼻咽喉头颈外科,择期,右,咽部|,声带肿物(J38.308),右,内镜下声带病损切除术,30.0905,,徐丽,全麻,A1,2022/5/12 8:00,第一手术部,三级,2,1-小时
2398472,ZY010001063048,1063048,住院,黄*平,女,1407,普外甲乳外科,择期,左,胸部|,乳房结节(N63.x01),左乳腺局部扩大切除术备左,单侧乳房根治性切除伴同侧腋窝前哨淋巴结活检术,85.4500x001,,符德元,全麻,A5,2022/5/12 8:00,第一手术部,四级,1,2-小时
2398638,ZY010001062136,1062136,住院,王*云,男,9,泌尿外科,择期,右,|,肾积水伴肾输尿管结石(N13.203),右侧,经尿道输尿管镜输尿管激光碎石术,56.0x00x005,备软镜,王业华,全麻,A1,2022/5/12 8:00,第一手术部,三级,0,1-小时
2398696,ZY010001062142,1062142,住院,田*娣,女,1708,普外甲乳外科,择期,无,|,甲状腺肿瘤(D44.001),,单侧甲状腺切除伴甲状腺峡部切除术,06.2x02,,章佳新,全麻,A5,2022/5/12 8:00,第一手术部,四级,1,1.5-小时
2398473,ZY010001061944,1061944,住院,李*,女,166,普外甲乳外科,择期,无,颈部|,甲状腺恶性肿瘤(C73.x00),,单侧甲状腺切除伴甲状腺峡部切除术,06.2x02,,祝玉祥,全麻,A3,2022/5/12 8:00,第一手术部,四级,1,2-小时
2398527,ZY010001060075,1060075,住院,顾*琴,女,39,心内科306,择期,双,|,心功能不全(I50.900x002),,输尿管镜检查,56.31,,俞俊杰,局麻,D8,2022/5/12 8:00,第一手术部,二级,0,1-小时
2398381,ZY010001061668,1061668,住院,顾*国,男,49,心脏大血管病中心,择期,无,胸部|,心脏瓣膜病(I38.x01),,主动脉瓣生物瓣膜置换术,35.2101,#NAME?,唐程斌,全麻,A1,2022/5/12 8:00,心脏大血管病中心手术室,四级,1,4-小时
2398516,ZY010001059248,1059248,住院,董*山,男,45,胃肠中心109,择期,无,|,幽门不全梗阻(K31.102),,开腹探查术,54.11,,陈平,全麻,B1,2022/5/12 8:00,第一手术部,二级,2,3-小时
2398471,ZY010001059606,1059606,住院,陆*明,男,21,肝脾外科,择期,右,|,腹腔积血(K66.100),,腹腔镜检查,54.21,,蒋国庆,全麻,A2,2022/5/12 8:00,第一手术部,三级,2,2-小时
2398532,ZY010001061327,1061327,住院,陈*宝,男,2023,口腔科,择期,左,|,腮腺肿瘤(D37.011),左侧,腮腺浅叶切除术,26.3100x009,,邱建平,全麻,A2,2022/5/12 8:00,第一手术部,四级,1,1-小时
2398533,ZY010001040312,1040312,住院,张*骞,男,1538,口腔科,择期,无,|,额外牙［多生牙］(K00.100),,颌骨上牙病损切除术,24.4x00,,邱建平,全麻,A3,2022/5/12 8:00,第一手术部,三级,2,1-小时
2398526,ZY010001061893,1061893,住院,方*梅,女,1523,普外甲乳外科,择期,无,颈部|,甲状腺恶性肿瘤(C73.x00),,单侧甲状腺切除伴甲状腺峡部切除术,06.2x02,,祝玉祥,全麻,B2,2022/5/12 8:00,第一手术部,四级,1,2-小时
2398462,ZY010001060234,1060234,住院,王*,女,41,运动医学科,择期,右,肩部|,肩袖损伤(S46.002),右,肩关节镜下肩袖修补术,81.8300x008,,费文勇,会诊麻醉,A1,2022/5/12 8:00,日间手术室,四级,1,1.5-小时
2398603,ZY010001054196,1054196,住院,高*婷,女,1380,妇科,择期,无,|,子宫内膜息肉(N84.001),,宫腔镜诊断性刮宫术,69.0902,,孙桂芳,会诊麻醉,D3,2022/5/12 8:10,第一手术部,三级,0,1-小时
2398424,ZY010001063108,1063108,住院,季*,男,30,骨科手足,择期,右,手|,掌骨骨折(S62.301),右第五,掌骨骨折切开复位钢针内固定术,79.3300x008,,刘宏君,会诊麻醉,A2,2022/5/12 8:10,第二手术部,三级,1,1-小时
2398464,ZY010001063077,1063077,住院,刘*强,男,1030,骨科手足,择期,右,手|,腱鞘炎(M65.910),右中指腱鞘切开减压+,肌腱松解术,83.1300x007,,刘宏君,局麻,A3,2022/5/12 8:20,第二手术部,二级,1,1-小时
2398619,ZY010001061637,1061637,住院,张*,女,614,妇科,择期,无,|,异常子宫出血(N93.901),,宫腔镜诊断性刮宫术,69.0902,,孙桂芳,会诊麻醉,D4,2022/5/12 8:30,第一手术部,三级,0,1-小时
2398503,ZY010001062882,1062882,住院,李*,男,58,眼科,择期,左,眼部|,老年性白内障(H25.900),左眼,白内障超声乳化抽吸术,13.4100x001,#NAME?,华欣,局麻+心电监护,B4,2022/5/12 8:30,日间手术室,三级,1,0.5-小时
2398506,ZY010001062650,1062650,住院,王*华,女,1554,眼科,择期,右,眼部|,老年性白内障(H25.900),右眼,白内障超声乳化抽吸术,13.4100x001,#NAME?,华欣,局麻+心电监护,B1,2022/5/12 8:30,日间手术室,三级,1,0.5-小时
2398511,ZY010001062502,1062502,住院,高*,女,8,烧伤整形外科,择期,无,背部|,皮肤肿物(R22.903),皮肤病损切除修复术+,创面封闭式负压引流术（VSD),86.0401,,刘亦峰,会诊麻醉,C2,2022/5/12 9:00,烧伤整形外科手术室,三级,1,1-小时
2398513,ZY010001063069,1063069,住院,师*年,男,989,眼科,择期,左,眼部|,老年性白内障(H25.900),左眼,白内障超声乳化抽吸术,13.4100x001,#NAME?,华欣,局麻+心电监护,B7,2022/5/12 9:00,日间手术室,三级,1,0.5-小时
2398755,ZY010001063071,1063071,住院,谈*兰,女,1788,运动医学科,临时,左,上臂|,肩袖损伤(S46.002),左,肩关节镜下肩袖修补术,81.8300x008,,卢耀甲,会诊麻醉,C3,2022/5/12 9:00,日间手术室,四级,1,1-小时
2398421,ZY010001061945,1061945,住院,徐*茂,男,62,胃肠中心309,择期,无,|,直肠肿瘤(D37.501),,腹腔镜下直肠根治术,48.6900x002,,陈平,全麻,A2,2022/5/12 10:00,第一手术部,四级,2,3-小时
2398432,ZY010001061451,1061451,住院,王*,男,20,运动医学科,择期,左,膝部|,关节僵硬(M25.600x091),左,关节镜膝关节松解术,80.4603,,费文勇,会诊麻醉,A2,2022/5/12 10:00,日间手术室,四级,1,1-小时
2398504,ZY010001061924,1061924,住院,顾*,男,612,运动医学科,择期,左,膝部|,髌股关节病(M22.200x001),左,膝关节镜下半月板成形术,81.4700x005,,卢耀甲,会诊麻醉,C2,2022/5/12 10:00,日间手术室,四级,1,0.5-小时
2398309,ZY010001062028,1062028,住院,盛*松,男,7,骨科脊柱,择期,无,腰部|,腰椎间盘突出(M51.202),,内镜下腰椎髓核切除术,80.5111,,陶玉平,会诊麻醉,B3,2022/5/12 10:00,第一手术部,四级,1,1-小时
2398307,ZY010001060785,1060785,住院,周*莉,女,35,胃肠中心109,择期,无,腹部|,胃肿瘤(D37.101),,腹腔镜下胃病损切除术,43.4203,,王道荣,全麻,A2,2022/5/12 10:00,第一手术部,四级,2,2-小时
2398474,ZY010001061108,1061108,住院,周*俊,男,47,骨科关节,择期,左,膝部|,单侧膝关节骨性关节病(M17.900x004),左侧,全部膝关节置换,81.54,,颜连启,会诊麻醉,A2,2022/5/12 10:00,第一手术部,四级,1,2-小时
2398700,ZY010001061417,1061417,住院,陈*华,女,1035,呼吸与危重症医学科107,择期,左,胸部|,孤立性肺结节(R91.x00x011),左上,胸腔镜下肺病损切除术,32.2003,,贺建胜,全麻,A2,2022/5/12 10:00,第一手术部,四级,2,3-小时
2398323,ZY010001062607,1062607,住院,佘*金,男,22,普外血管外科,择期,双,大腿部|,腹主动脉夹层(I71.004),左,经皮髂动脉取栓术,39.7900x034,(备支架植入),陈兆雷,局麻+心电监护,A2,2022/5/12 10:00,第二手术部,四级,1,2-小时
2398323,ZY010001062607,1062607,住院,佘*金,男,22,普外血管外科,择期,双,大腿部|,腹主动脉夹层(I71.004),左,经皮下肢动脉取栓术,39.7900x042,(备支架植入),陈兆雷,局麻+心电监护,A2,2022/5/12 10:00,第二手术部,四级,1,2-小时
2398605,ZY010001062593,1062593,住院,俞*,男,16,神经外科506,择期,右,头部|,脑室肿瘤(D43.003),,神经导航下颅内病灶切除术,1.5936,,张恒柱,全麻,B2,2022/5/12 10:00,第二手术部,四级,1,3-小时
2398759,ZY010001062454,1062454,住院,田*,女,39,烧伤整形外科,临时,右,足趾部|,皮肤肿物(R22.903),右足踇趾 ,皮肤病损根治性切除术,86.4x00,,刘亦峰,局麻,C5,2022/5/12 10:00,烧伤整形外科手术室,三级,1,0.5-小时
2398520,ZY010001059009,1059009,住院,吴*,男,88,神经外科504,择期,右,头部|,创伤后脑积水(G91.300),,侧脑室腹腔内分流术,2.3401,,张恒柱,全麻,A2,2022/5/12 10:00,第二手术部,二级,1,1.5-小时
2398324,ZY010001062607,1062607,住院,佘*金,男,22,普外血管外科,择期,双,大腿部|,腹主动脉夹层(I71.004),左,经皮髂动脉取栓术,39.7900x034,(备支架植入),陈兆雷,局麻+心电监护,B2,2022/5/12 10:00,介入诊疗中心,四级,1,2-小时
2398324,ZY010001062607,1062607,住院,佘*金,男,22,普外血管外科,择期,双,大腿部|,腹主动脉夹层(I71.004),左,经皮下肢动脉取栓术,39.7900x042,(备支架植入),陈兆雷,局麻+心电监护,B2,2022/5/12 10:00,介入诊疗中心,四级,1,2-小时
2398304,ZY010001053233,1053233,住院,刘*玉,女,8,胸外科,择期,右,胸部|,孤立性肺结节(R91.x00x011),右上,胸腔镜下肺病损切除术,32.2003,,陆世春,全麻,B2,2022/5/12 11:00,第一手术部,四级,2,2-小时
2398317,ZY010001062015,1062015,住院,薛*林,男,32,胃肠中心309,择期,无,腹部|,乙状结肠恶性肿瘤(C18.700),,腹腔镜乙状结肠切除术,17.36,,王道荣,全麻,B2,2022/5/12 11:00,第一手术部,四级,2,2-小时
2398310,ZY010001059879,1059879,住院,陈*娣,女,52,胃肠中心109,择期,无,腹部|,结肠肿瘤(D37.401),,腹腔镜左半结肠切除术,17.35,,王道荣,全麻,A3,2022/5/12 12:00,第一手术部,四级,2,2-小时
2398428,ZY010001061943,1061943,住院,鲁*星,男,45,骨科脊柱,择期,无,腰部|,腰椎骨折(S32.000),,脊柱内固定装置去除术,78.6907,,王永祥,会诊麻醉,A2,2022/5/12 12:00,第一手术部,二级,1,1-小时
2398302,ZY010001061776,1061776,住院,张*标,男,860,胃肠中心309,择期,无,腹部|,回肠造口状态(Z93.200),,小肠造口还纳术,46.5100x006,,王道荣,全麻,B3,2022/5/12 12:00,第一手术部,二级,3,1-小时
2398518,ZY010001061319,1061319,住院,吴*兰,女,32,骨科关节,择期,左,膝部|,单侧膝关节骨性关节病(M17.900x004),左侧,全部膝关节置换,81.54,,颜连启,会诊麻醉,A3,2022/5/12 12:00,第一手术部,四级,1,2-小时
2398835,ZY010001062226,1062226,住院,王*云,女,387,骨科脊柱,临时,无,|,腰椎骨折(S32.000),,经皮椎体增强,81.66,,陶玉平,全麻,B5,2022/5/12 12:00,第一手术部,四级,1,1-小时
2398466,ZY010001061235,1061235,住院,赵*林,男,22,运动医学科,择期,右,肩部|,肩袖损伤(S46.002),右,肩关节镜下肩袖修补术,81.8300x008,,费文勇,会诊麻醉,A3,2022/5/12 12:00,日间手术室,四级,1,1.5-小时
2398303,ZY010001044463,1044463,住院,夏*存,男,1534,胃肠中心309,择期,无,腹部|,回肠造口状态(Z93.200),,小肠造口还纳术,46.5100x006,,王道荣,全麻,B4,2022/5/12 13:00,第一手术部,二级,3,1-小时
2398611,ZY010001062289,1062289,住院,郭*莹,女,26,神经外科506,择期,左,头部|,头皮良性肿瘤(D23.400x003),,皮肤及皮下血管瘤切除术,86.3x15,,张恒柱,全麻,A3,2022/5/12 13:00,第二手术部,一级,1,0.5-小时
2398435,ZY010001061739,1061739,住院,刘*才,男,10,胃肠中心109,择期,无,|,胃肿瘤(D37.101),,根治性胃切除术,43.9900x004,,陈平,全麻,A3,2022/5/12 13:00,第一手术部,四级,2,3-小时
2398321,ZY010001060602,1060602,住院,任*琴,女,58,胸外科,择期,左,胸部|,肺占位性病变(R91.x03),左上,胸腔镜下肺叶切除术,32.41,,陆世春,全麻,B3,2022/5/12 13:00,第一手术部,四级,2,2-小时
2398299,ZY010001062837,1062837,住院,盛*珍,女,43,心内科206,择期,右,|,主动脉瓣狭窄(I35.000),,经导管主动脉瓣植入术,35.0501,,廖清池,全麻,B6,2022/5/12 14:00,第二手术部,四级,1,2-小时
2398510,ZY010001057372,1057372,住院,徐*华,女,38,骨科关节,择期,右,髋部|,股骨头无菌性坏死(M87.002),右侧,全髋关节置换,81.51,,颜连启,会诊麻醉,A4,2022/5/12 14:00,第一手术部,四级,1,2-小时
2398530,ZY010001062513,1062513,住院,陈*四,女,2077,骨科关节,择期,左,髋部|,关节肿物(M25.901),左侧,耻骨病损切除术,77.6900x001,,颜连启,会诊麻醉,A5,2022/5/12 16:00,第一手术部,二级,1,2-小时
2398455,ZY010001060176,1060176,住院,童*珍,女,42,胃肠中心309,择期,无,|,盆腔肿瘤(D48.716),,腹腔镜检查,54.21,,陈平,全麻,A4,2022/5/12 16:00,第一手术部,三级,2,3-小时
