﻿手术间编号,所属手术部,真实名称,手术间条件
1,一部,1,普通手术间
2,一部,2,大功率插座
3,一部,3,普通手术间
4,一部,4,普通手术间
5,一部,5,普通手术间
6,一部,6,大功率插座
7,一部,7,大功率插座
8,一部,8,普通手术间
9,一部,9,普通手术间
10,一部,10,普通手术间
11,一部,11,大功率插座
12,一部,12,大功率插座
13,一部,13,大功率插座
14,一部,26,普通手术间
15,一部,15,千级层流
16,一部,16,千级层流
17,一部,17,百级层流
18,一部,18,普通手术间
19,一部,19,普通手术间
20,一部,20,机器人手术间、同时是大功率插座
21,一部,21,普通手术间
22,一部,23,普通手术间
23,二部,1,杂交手术间
24,二部,2,普通手术间（应该是可透视手术间）
25,二部,3,可透视手术间
26,二部,4,普通手术间
27,二部,5,普通手术间（应该是可透视手术间）
28,二部,9,普通手术间（应该是可透视手术间）
29,日间,1,日间手术间（可透视手术间）
30,日间,5,日间手术间
